mpi,site,acq_date,dc_id,dc_date,dcm_file,msk_file,FLRexist,FLRqual,FLRvisqc,FLRcomm,T1exist,T1qual,T1visqc,T1comm
100059396,275,2019-08-11,10,2019-12-09,MSPATHS_20191209_DICOM_site275_888MS005_bundle001.zip,MSPATHS_20191209_MASK_site275_888MS005_bundle001.zip,Y,0.7397,PASS,Artifact_Flow,Y,0.8805,PASS,None
100050084,235,2021-02-25,14,2021-07-12,MSPATHS_20210712_DICOM_site235_888MS005_bundle001.zip,MSPATHS_20210712_MASK_site235_888MS005_bundle001.zip,Y,-1.0199,PASS,None,Y,0.8539,PASS,None
100044960,275,2019-08-26,10,2019-12-09,MSPATHS_20191209_DICOM_site275_888MS005_bundle001.zip,MSPATHS_20191209_MASK_site275_888MS005_bundle001.zip,Y,-2.1038,PASS,Other,Y,0.6439,PASS,Other
500003835,396,2020-01-17,13,2021-02-23,MSPATHS_20210223_DICOM_site396_888MS005_bundle001.zip,MSPATHS_20210223_MASK_site396_888MS005_bundle001.zip,Y,-0.3453,PASS,Other:Intensity_Nonuniform,Y,2.62,PASS,Other
500003651,326,2019-11-06,11,2020-03-02,MSPATHS_20200302_DICOM_site326_888MS005_bundle001.zip,MSPATHS_20200302_MASK_site326_888MS005_bundle001.zip,Y,-1.6675,PASS,Artifact_Flow,Y,-1.7129,PASS,None
500003738,326,2019-10-30,11,2020-03-02,MSPATHS_20200302_DICOM_site326_888MS005_bundle001.zip,MSPATHS_20200302_MASK_site326_888MS005_bundle001.zip,Y,0.0254,PASS,Artifact_Flow,Y,-1.9081,PASS,None
500003700,396,2021-06-10,15,2022-02-02,MSPATHS_20220202_DICOM_site396_888MS005_bundle001.zip,MSPATHS_20220202_MASK_site396_888MS005_bundle001.zip,Y,-0.823,PASS,None,Y,0.3261,PASS,None
500003744,396,2021-07-12,15,2022-02-02,MSPATHS_20220202_DICOM_site396_888MS005_bundle001.zip,MSPATHS_20220202_MASK_site396_888MS005_bundle001.zip,Y,1.8079,PASS,None,Y,3.4592,PASS,None
100027864,275,2017-12-30,8,2019-03-25,MSPATHS_20190325_DICOM_site275_888MS005_bundle001.zip,MSPATHS_20190325_MASK_site275_888MS005_bundle001.zip,Y,2.6629,PASS,Artifact_Flow,Y,1.6916,PASS,None
500003668,326,2019-09-11,10,2019-12-09,MSPATHS_20191209_DICOM_site326_888MS005_bundle001.zip,MSPATHS_20191209_MASK_site326_888MS005_bundle001.zip,Y,0.0687,PASS,Artifact_Flow,Y,-0.9406,PASS,None
100027750,275,2019-01-12,8,2019-03-25,MSPATHS_20190325_DICOM_site275_888MS005_bundle001.zip,MSPATHS_20190325_MASK_site275_888MS005_bundle001.zip,Y,0.2039,PASS,Artifact_Flow,Y,1.0201,PASS,None
100047044,275,2019-11-11,11,2020-03-02,MSPATHS_20200302_DICOM_site275_888MS005_bundle001.zip,MSPATHS_20200302_MASK_site275_888MS005_bundle001.zip,Y,2.5549,PASS,Artifact_Flow,Y,1.6572,PASS,None
100047856,295,2019-11-21,11,2020-03-02,MSPATHS_20200302_DICOM_site295_888MS005_bundle001.zip,MSPATHS_20200302_MASK_site295_888MS005_bundle001.zip,Y,-2.5551,PASS,Artifact_Motion,Y,-2.0692,PASS,None
500003654,326,2019-10-09,11,2020-03-02,MSPATHS_20200302_DICOM_site326_888MS005_bundle001.zip,MSPATHS_20200302_MASK_site326_888MS005_bundle001.zip,Y,0.3506,PASS,Artifact_Flow,Y,0.5266,PASS,None
500003656,326,2019-10-16,11,2020-03-02,MSPATHS_20200302_DICOM_site326_888MS005_bundle001.zip,MSPATHS_20200302_MASK_site326_888MS005_bundle001.zip,Y,0.1327,PASS,Artifact_Flow,Y,0.1962,PASS,None
500003862,396,2021-03-01,14,2021-07-12,MSPATHS_20210712_DICOM_site396_888MS005_bundle001.zip,MSPATHS_20210712_MASK_site396_888MS005_bundle001.zip,Y,-0.9884,PASS,None,Y,0.0977,PASS,None
100053203,235,2021-06-04,15,2022-02-02,MSPATHS_20220202_DICOM_site235_888MS005_bundle001.zip,MSPATHS_20220202_MASK_site235_888MS005_bundle001.zip,Y,0.3597,PASS,None,Y,1.3252,PASS,None
500003826,396,2022-08-29,16,2023-01-24,,,Y,-1.8836,PASS,None,Y,3.8127,PASS,None
500003722,326,2019-10-23,11,2020-03-02,MSPATHS_20200302_DICOM_site326_888MS005_bundle001.zip,MSPATHS_20200302_MASK_site326_888MS005_bundle001.zip,Y,-0.9914,PASS,Artifact_Flow,Y,-0.8291,PASS,None
500003671,326,2021-10-20,15,2022-02-02,MSPATHS_20220202_DICOM_site326_888MS005_bundle001.zip,,N,,,,Y,,PASS,None
500003776,396,2022-08-08,16,2023-01-24,,,Y,0.5038,PASS,None,Y,1.0821,PASS,None
100044887,295,2018-09-24,8,2019-03-25,MSPATHS_20190325_DICOM_site295_888MS005_bundle001.zip,MSPATHS_20190325_MASK_site295_888MS005_bundle001.zip,Y,0.7599,PASS,Artifact_Flow,Y,0.6188,PASS,None
500003737,326,2020-09-02,13,2021-02-23,MSPATHS_20210223_DICOM_site326_888MS005_bundle001.zip,MSPATHS_20210223_MASK_site326_888MS005_bundle001.zip,Y,-1.5798,PASS,Artifact_Flow,Y,-0.6545,PASS,None
500003751,326,2021-10-20,15,2022-02-02,MSPATHS_20220202_DICOM_site326_888MS005_bundle001.zip,,N,,,,Y,,PASS,None
100043289,235,2018-08-23,8,2019-03-25,MSPATHS_20190325_DICOM_site235_888MS005_bundle001.zip,MSPATHS_20190325_MASK_site235_888MS005_bundle001.zip,Y,0.3089,PASS,Parameters_OutOfRange:Artifact_Flow,Y,-0.0277,PASS,None
500003654,326,2020-09-02,13,2021-02-23,MSPATHS_20210223_DICOM_site326_888MS005_bundle001.zip,MSPATHS_20210223_MASK_site326_888MS005_bundle001.zip,Y,0.0289,PASS,Artifact_Flow,Y,-0.0828,PASS,None
500003753,326,2020-09-30,13,2021-02-23,MSPATHS_20210223_DICOM_site326_888MS005_bundle001.zip,MSPATHS_20210223_MASK_site326_888MS005_bundle001.zip,Y,-1.4331,PASS,Artifact_Flow:Artifact_Motion,Y,-1.5975,PASS,None
500003776,396,2021-07-05,15,2022-02-02,MSPATHS_20220202_DICOM_site396_888MS005_bundle001.zip,MSPATHS_20220202_MASK_site396_888MS005_bundle001.zip,Y,0.5894,PASS,None,Y,3.283,PASS,None
100042701,235,2018-09-08,8,2019-03-25,MSPATHS_20190325_DICOM_site235_888MS005_bundle001.zip,MSPATHS_20190325_MASK_site235_888MS005_bundle001.zip,Y,0.9388,PASS,Artifact_Flow,Y,-0.6751,PASS,None
500003673,326,2019-09-11,10,2019-12-09,MSPATHS_20191209_DICOM_site326_888MS005_bundle001.zip,MSPATHS_20191209_MASK_site326_888MS005_bundle001.zip,Y,-1.0308,PASS,Artifact_Flow,Y,-2.0463,PASS,Artifact_Motion
500003723,326,2021-10-13,15,2022-02-02,MSPATHS_20220202_DICOM_site326_888MS005_bundle001.zip,,N,,,,Y,,PASS,None
100050672,275,2019-01-24,8,2019-03-25,MSPATHS_20190325_DICOM_site275_888MS005_bundle002.zip,MSPATHS_20190325_MASK_site275_888MS005_bundle002.zip,Y,-0.481,PASS,Artifact_Flow,Y,1.0561,PASS,None
100038959,295,2018-06-03,8,2019-03-25,MSPATHS_20190325_DICOM_site295_888MS005_bundle001.zip,MSPATHS_20190325_MASK_site295_888MS005_bundle001.zip,Y,2.089,PASS,Artifact_Flow,Y,1.3782,PASS,None
100040677,215,2019-09-07,10,2019-12-09,MSPATHS_20191209_DICOM_site215_888MS005_bundle001.zip,MSPATHS_20191209_MASK_site215_888MS005_bundle001.zip,Y,0.8839,PASS,None,Y,-1.123,PASS,None
100040871,215,2018-09-30,8,2019-03-25,MSPATHS_20190325_DICOM_site215_888MS005_bundle001.zip,MSPATHS_20190325_MASK_site215_888MS005_bundle001.zip,Y,0.2263,PASS,None,Y,-3.49,PASS,None
500003653,326,2019-11-06,11,2020-03-02,MSPATHS_20200302_DICOM_site326_888MS005_bundle001.zip,MSPATHS_20200302_MASK_site326_888MS005_bundle001.zip,Y,-0.1618,PASS,Artifact_Flow,Y,-0.6866,PASS,None
100038576,275,2019-05-27,9,2019-08-12,MSPATHS_20190812_DICOM_site275_888MS005_bundle001.zip,MSPATHS_20190812_MASK_site275_888MS005_bundle001.zip,Y,0.0502,PASS,Artifact_Flow,Y,-0.0657,PASS,None
100046956,275,2019-11-17,11,2020-03-02,MSPATHS_20200302_DICOM_site275_888MS005_bundle001.zip,MSPATHS_20200302_MASK_site275_888MS005_bundle001.zip,Y,2.2759,PASS,None,Y,-0.1862,PASS,None
100057041,295,2022-07-25,16,2023-01-24,,,Y,-2.5492,PASS,Artifact_Flow,Y,1.2547,PASS,None
100035441,275,2019-05-12,9,2019-08-12,MSPATHS_20190812_DICOM_site275_888MS005_bundle001.zip,MSPATHS_20190812_MASK_site275_888MS005_bundle001.zip,Y,1.4896,PASS,Artifact_Flow,Y,1.8927,PASS,None
500003818,396,2021-07-12,15,2022-02-02,MSPATHS_20220202_DICOM_site396_888MS005_bundle001.zip,,Y,,PASS,None,Y,,PASS,None
100051035,275,2022-09-02,16,2023-01-24,,,Y,0.0487,PASS,None,Y,0.0611,PASS,None
100049286,235,2021-01-30,14,2021-07-12,MSPATHS_20210712_DICOM_site235_888MS005_bundle001.zip,MSPATHS_20210712_MASK_site235_888MS005_bundle001.zip,Y,-2.8971,PASS,SNR_Low,Y,-1.7411,PASS,None
100052442,275,2019-03-03,9,2019-08-12,MSPATHS_20190812_DICOM_site275_888MS005_bundle001.zip,MSPATHS_20190812_MASK_site275_888MS005_bundle001.zip,Y,0.2955,PASS,Artifact_Flow,Y,1.4251,PASS,None
100025931,275,2018-02-05,8,2019-03-25,MSPATHS_20190325_DICOM_site275_888MS005_bundle001.zip,MSPATHS_20190325_MASK_site275_888MS005_bundle001.zip,Y,-0.4494,PASS,Artifact_Flow,Y,0.0666,PASS,None
100038959,295,2020-09-07,13,2021-02-23,MSPATHS_20210223_DICOM_site295_888MS005_bundle001.zip,,Y,,PASS,Artifact_Flow,N,,,
500003717,326,2021-09-08,15,2022-02-02,MSPATHS_20220202_DICOM_site326_888MS005_bundle001.zip,,N,,,,Y,,PASS,None
100043626,235,2019-08-31,10,2019-12-09,MSPATHS_20191209_DICOM_site235_888MS005_bundle001.zip,MSPATHS_20191209_MASK_site235_888MS005_bundle001.zip,Y,2.465,PASS,None,Y,4.2065,PASS,None
100036709,295,2018-04-27,8,2019-03-25,MSPATHS_20190325_DICOM_site295_888MS005_bundle001.zip,MSPATHS_20190325_MASK_site295_888MS005_bundle001.zip,Y,0.3014,PASS,Artifact_Flow,Y,-2.3332,PASS,None
100051532,235,2020-02-08,12,2020-07-13,MSPATHS_20200713_DICOM_site235_888MS005_bundle001.zip,MSPATHS_20200713_MASK_site235_888MS005_bundle001.zip,Y,2.5607,PASS,Artifact_Flow,Y,1.8801,PASS,None
100052781,235,2021-03-20,14,2021-07-12,MSPATHS_20210712_DICOM_site235_888MS005_bundle001.zip,MSPATHS_20210712_MASK_site235_888MS005_bundle001.zip,Y,-0.9993,PASS,None,Y,-1.1904,PASS,None
500003724,326,2021-09-08,15,2022-02-02,MSPATHS_20220202_DICOM_site326_888MS005_bundle001.zip,,N,,,,Y,,PASS,None
100037046,275,2019-06-23,9,2019-08-12,MSPATHS_20190812_DICOM_site275_888MS005_bundle001.zip,MSPATHS_20190812_MASK_site275_888MS005_bundle001.zip,Y,1.349,PASS,Artifact_Flow,Y,1.6243,PASS,None
100042102,215,2019-10-31,11,2020-03-02,MSPATHS_20200302_DICOM_site215_888MS005_bundle001.zip,MSPATHS_20200302_MASK_site215_888MS005_bundle001.zip,Y,7.9459,PASS,None,Y,-1.3868,PASS,None
100061398,235,2020-12-04,13,2021-02-23,MSPATHS_20210223_DICOM_site235_888MS005_bundle001.zip,MSPATHS_20210223_MASK_site235_888MS005_bundle001.zip,Y,-0.3476,PASS,Artifact_Flow,Y,-2.8395,PASS,None
500003740,326,2019-10-30,11,2020-03-02,MSPATHS_20200302_DICOM_site326_888MS005_bundle001.zip,MSPATHS_20200302_MASK_site326_888MS005_bundle001.zip,Y,-0.5954,PASS,Artifact_Flow,Y,0.5742,PASS,Artifact_Motion
100051830,235,2020-07-27,13,2021-02-23,MSPATHS_20210223_DICOM_site235_888MS005_bundle001.zip,MSPATHS_20210223_MASK_site235_888MS005_bundle001.zip,Y,-2.3848,PASS,None,Y,-1.2873,PASS,Artifact_Motion
100052781,235,2020-07-19,13,2021-02-23,MSPATHS_20210223_DICOM_site235_888MS005_bundle001.zip,MSPATHS_20210223_MASK_site235_888MS005_bundle001.zip,Y,-0.0265,PASS,None,Y,0.1596,PASS,None
500012785,326,2020-10-28,13,2021-02-23,MSPATHS_20210223_DICOM_site326_888MS005_bundle002.zip,MSPATHS_20210223_MASK_site326_888MS005_bundle002.zip,Y,-0.4185,PASS,None,Y,0.0268,PASS,None
100035901,295,2019-04-13,9,2019-08-12,MSPATHS_20190812_DICOM_site295_888MS005_bundle001.zip,MSPATHS_20190812_MASK_site295_888MS005_bundle001.zip,Y,-0.7288,PASS,Artifact_Flow,Y,-1.7214,PASS,None
100040194,295,2019-02-08,9,2019-08-12,MSPATHS_20190812_DICOM_site295_888MS005_bundle001.zip,MSPATHS_20190812_MASK_site295_888MS005_bundle001.zip,Y,1.5901,PASS,Artifact_Flow,Y,0.894,PASS,None
500003752,326,2019-11-06,11,2020-03-02,MSPATHS_20200302_DICOM_site326_888MS005_bundle001.zip,MSPATHS_20200302_MASK_site326_888MS005_bundle001.zip,Y,-0.7983,PASS,Artifact_Flow,Y,-1.0343,PASS,None
500003744,396,2019-11-18,11,2020-03-02,MSPATHS_20200302_DICOM_site396_888MS005_bundle001.zip,,N,,,,Y,,PASS,None
100055504,235,2020-07-31,13,2021-02-23,MSPATHS_20210223_DICOM_site235_888MS005_bundle001.zip,,Y,-0.6218,PASS,None,Y,0.6583,PASS,None
100065514,295,2022-08-18,16,2023-01-24,,,Y,0.5109,PASS,None,Y,-0.3636,PASS,None
100046956,275,2018-11-03,8,2019-03-25,MSPATHS_20190325_DICOM_site275_888MS005_bundle001.zip,MSPATHS_20190325_MASK_site275_888MS005_bundle001.zip,Y,-1.4658,PASS,Artifact_Motion,Y,-0.1018,PASS,Other
500003824,396,2022-09-23,16,2023-01-24,,,Y,-1.8178,PASS,None,Y,-1.0963,PASS,None
100035441,275,2018-04-05,8,2019-03-25,MSPATHS_20190325_DICOM_site275_888MS005_bundle001.zip,MSPATHS_20190325_MASK_site275_888MS005_bundle001.zip,Y,3.4103,PASS,Artifact_Flow,Y,1.8883,PASS,None
500003670,326,2020-09-09,13,2021-02-23,MSPATHS_20210223_DICOM_site326_888MS005_bundle001.zip,MSPATHS_20210223_MASK_site326_888MS005_bundle001.zip,Y,-0.4675,PASS,None,Y,-1.4561,PASS,None
100052781,235,2019-03-09,9,2019-08-12,MSPATHS_20190812_DICOM_site235_888MS005_bundle001.zip,MSPATHS_20190812_MASK_site235_888MS005_bundle001.zip,Y,-1.2101,PASS,None,Y,0.4278,PASS,None
100051035,275,2019-02-01,9,2019-08-12,MSPATHS_20190812_DICOM_site275_888MS005_bundle001.zip,MSPATHS_20190812_MASK_site275_888MS005_bundle001.zip,Y,1.7746,PASS,Artifact_Flow,Y,1.4048,PASS,None
500003824,396,2020-02-17,12,2020-07-13,MSPATHS_20200713_DICOM_site396_888MS005_bundle001.zip,MSPATHS_20200713_MASK_site396_888MS005_bundle001.zip,Y,-1.5748,PASS,Intensity_Nonuniform,Y,0.737,PASS,None
500003713,326,2021-09-29,15,2022-02-02,MSPATHS_20220202_DICOM_site326_888MS005_bundle001.zip,,N,,,,Y,,PASS,None
500003740,326,2021-09-22,15,2022-02-02,MSPATHS_20220202_DICOM_site326_888MS005_bundle001.zip,,N,,,,Y,,PASS,None
100044887,295,2019-09-09,10,2019-12-09,MSPATHS_20191209_DICOM_site295_888MS005_bundle001.zip,MSPATHS_20191209_MASK_site295_888MS005_bundle001.zip,Y,-0.3502,PASS,Artifact_Flow,Y,1.419,PASS,None
500003721,326,2019-10-23,11,2020-03-02,MSPATHS_20200302_DICOM_site326_888MS005_bundle001.zip,MSPATHS_20200302_MASK_site326_888MS005_bundle001.zip,Y,-2.1804,PASS,Intensity_Nonuniform:SNR_Low,Y,-0.2905,PASS,None
100044547,235,2018-09-16,8,2019-03-25,MSPATHS_20190325_DICOM_site235_888MS005_bundle001.zip,MSPATHS_20190325_MASK_site235_888MS005_bundle001.zip,Y,0.6583,PASS,Artifact_Flow,Y,2.3862,PASS,None
100053203,235,2019-03-17,9,2019-08-12,MSPATHS_20190812_DICOM_site235_888MS005_bundle001.zip,MSPATHS_20190812_MASK_site235_888MS005_bundle001.zip,Y,0.7259,PASS,Artifact_Flow:Parameters_OutOfRange,Y,-0.8139,PASS,None
100035901,295,2018-04-30,8,2019-03-25,MSPATHS_20190325_DICOM_site295_888MS005_bundle001.zip,MSPATHS_20190325_MASK_site295_888MS005_bundle001.zip,Y,-1.0463,PASS,None,Y,-0.9578,PASS,SNR_Low
100045697,275,2021-05-31,15,2022-02-02,MSPATHS_20220202_DICOM_site275_888MS005_bundle001.zip,,Y,-1.699,PASS,None,Y,-0.9282,PASS,Artifact_Motion
100040841,215,2018-07-29,8,2019-03-25,MSPATHS_20190325_DICOM_site215_888MS005_bundle001.zip,MSPATHS_20190325_MASK_site215_888MS005_bundle001.zip,Y,0.8919,PASS,Artifact_Flow,Y,-3.4179,PASS,SNR_Low
500003700,396,2022-08-26,16,2023-01-24,,,Y,-0.6677,PASS,None,Y,-0.221,PASS,None
100032453,275,2018-03-17,8,2019-03-25,MSPATHS_20190325_DICOM_site275_888MS005_bundle001.zip,MSPATHS_20190325_MASK_site275_888MS005_bundle001.zip,Y,,PASS,Artifact_Flow,Y,,PASS,None
100049286,235,2019-12-29,11,2020-03-02,MSPATHS_20200302_DICOM_site235_888MS005_bundle001.zip,MSPATHS_20200302_MASK_site235_888MS005_bundle001.zip,Y,-2.0061,PASS,Artifact_Flow,Y,0.8463,PASS,None
100039459,215,2020-08-30,13,2021-02-23,MSPATHS_20210223_DICOM_site215_888MS005_bundle001.zip,MSPATHS_20210223_MASK_site215_888MS005_bundle001.zip,Y,,PASS,None,Y,,PASS,None
500003738,326,2020-10-14,13,2021-02-23,MSPATHS_20210223_DICOM_site326_888MS005_bundle001.zip,MSPATHS_20210223_MASK_site326_888MS005_bundle001.zip,Y,-1.0057,PASS,Artifact_Flow,Y,-2.4063,PASS,None
100064800,235,2022-02-11,16,2023-01-24,,,Y,0.1706,PASS,Artifact_Flow,Y,-1.2017,PASS,None
500003745,396,2022-07-25,16,2023-01-24,,,Y,-0.7937,PASS,Artifact_Motion,Y,1.9114,PASS,None
100053452,235,2019-03-24,9,2019-08-12,MSPATHS_20190812_DICOM_site235_888MS005_bundle001.zip,MSPATHS_20190812_MASK_site235_888MS005_bundle001.zip,Y,1.4438,PASS,Artifact_Flow,Y,1.5688,PASS,None
100041033,215,2019-08-25,10,2019-12-09,MSPATHS_20191209_DICOM_site215_888MS005_bundle001.zip,MSPATHS_20191209_MASK_site215_888MS005_bundle001.zip,Y,-0.0602,PASS,None,Y,-2.6992,PASS,None
500003741,326,2020-10-21,13,2021-02-23,MSPATHS_20210223_DICOM_site326_888MS005_bundle001.zip,MSPATHS_20210223_MASK_site326_888MS005_bundle001.zip,Y,-0.0256,PASS,Artifact_Flow,Y,-0.5474,PASS,None
500012787,326,2020-10-28,13,2021-02-23,MSPATHS_20210223_DICOM_site326_888MS005_bundle002.zip,MSPATHS_20210223_MASK_site326_888MS005_bundle002.zip,Y,-0.1963,PASS,Artifact_Flow,Y,1.074,PASS,None
100042907,235,2018-08-16,8,2019-03-25,MSPATHS_20190325_DICOM_site235_888MS005_bundle001.zip,MSPATHS_20190325_MASK_site235_888MS005_bundle001.zip,Y,1.1391,PASS,Parameters_OutOfRange:Artifact_Flow,Y,-0.2104,PASS,None
500003755,326,2020-09-30,13,2021-02-23,MSPATHS_20210223_DICOM_site326_888MS005_bundle002.zip,MSPATHS_20210223_MASK_site326_888MS005_bundle002.zip,Y,1.0733,PASS,Artifact_Flow,Y,0.3146,PASS,None
500003756,326,2020-10-21,13,2021-02-23,MSPATHS_20210223_DICOM_site326_888MS005_bundle002.zip,MSPATHS_20210223_MASK_site326_888MS005_bundle002.zip,Y,0.0244,PASS,Artifact_Flow,Y,-0.9939,PASS,None
100064800,235,2021-01-31,14,2021-07-12,MSPATHS_20210712_DICOM_site235_888MS005_bundle001.zip,,Y,0.3189,PASS,None,Y,0.2505,PASS,None
100063607,235,2021-01-22,14,2021-07-12,MSPATHS_20210712_DICOM_site235_888MS005_bundle001.zip,MSPATHS_20210712_MASK_site235_888MS005_bundle001.zip,Y,0.7982,PASS,Artifact_Flow,Y,0.0828,PASS,None
100043522,275,2018-08-27,8,2019-03-25,MSPATHS_20190325_DICOM_site275_888MS005_bundle001.zip,MSPATHS_20190325_MASK_site275_888MS005_bundle001.zip,Y,0.7235,PASS,Artifact_Flow,Y,1.2203,PASS,None
100048768,275,2019-12-27,11,2020-03-02,MSPATHS_20200302_DICOM_site275_888MS005_bundle001.zip,MSPATHS_20200302_MASK_site275_888MS005_bundle001.zip,Y,-0.4472,PASS,None,Y,-1.3528,PASS,None
100051191,275,2019-02-04,8,2019-03-25,MSPATHS_20190325_DICOM_site275_888MS005_bundle002.zip,MSPATHS_20190325_MASK_site275_888MS005_bundle002.zip,Y,0.9663,PASS,Artifact_Flow,Y,1.7429,PASS,None
500003735,326,2020-10-21,13,2021-02-23,MSPATHS_20210223_DICOM_site326_888MS005_bundle001.zip,,Y,-0.7095,PASS,Artifact_Flow,Y,-0.7667,PASS,None
100050084,235,2019-01-11,8,2019-03-25,MSPATHS_20190325_DICOM_site235_888MS005_bundle001.zip,MSPATHS_20190325_MASK_site235_888MS005_bundle001.zip,Y,-0.8305,PASS,Artifact_Flow:Intensity_Nonuniform,Y,-0.7793,PASS,Intensity_Nonuniform
100031014,275,2018-02-23,8,2019-03-25,MSPATHS_20190325_DICOM_site275_888MS005_bundle001.zip,MSPATHS_20190325_MASK_site275_888MS005_bundle001.zip,Y,1.4075,PASS,Artifact_Flow,Y,2.2141,PASS,None
100050828,235,2019-01-26,9,2019-08-12,MSPATHS_20190812_DICOM_site235_888MS005_bundle001.zip,MSPATHS_20190812_MASK_site235_888MS005_bundle001.zip,Y,3.7705,PASS,None,Y,0.9801,PASS,None
100053760,235,2019-03-30,9,2019-08-12,MSPATHS_20190812_DICOM_site235_888MS005_bundle001.zip,MSPATHS_20190812_MASK_site235_888MS005_bundle001.zip,Y,3.1296,PASS,Artifact_Flow,Y,0.9379,PASS,None
100061398,235,2019-09-26,10,2019-12-09,MSPATHS_20191209_DICOM_site235_888MS005_bundle001.zip,MSPATHS_20191209_MASK_site235_888MS005_bundle001.zip,Y,-1.0044,PASS,Artifact_Flow,Y,-3.0517,PASS,None
100044960,275,2021-08-09,15,2022-02-02,MSPATHS_20220202_DICOM_site275_888MS005_bundle001.zip,,Y,-0.7477,PASS,Other,Y,0.9398,PASS,Other
500003722,326,2021-09-08,15,2022-02-02,MSPATHS_20220202_DICOM_site326_888MS005_bundle001.zip,,N,,,,Y,,PASS,None
100057041,295,2019-06-17,9,2019-08-12,MSPATHS_20190812_DICOM_site295_888MS005_bundle001.zip,MSPATHS_20190812_MASK_site295_888MS005_bundle001.zip,Y,1.8228,PASS,Artifact_Flow,Y,0.8851,PASS,None
500003740,326,2020-10-28,13,2021-02-23,MSPATHS_20210223_DICOM_site326_888MS005_bundle001.zip,,Y,-1.0243,PASS,None,Y,1.3298,PASS,None
100046594,275,2018-10-26,8,2019-03-25,MSPATHS_20190325_DICOM_site275_888MS005_bundle001.zip,MSPATHS_20190325_MASK_site275_888MS005_bundle001.zip,Y,1.3618,PASS,Artifact_Flow,Y,0.3275,PASS,None
100032453,275,2019-02-28,9,2019-08-12,MSPATHS_20190812_DICOM_site275_888MS005_bundle001.zip,MSPATHS_20190812_MASK_site275_888MS005_bundle001.zip,Y,,PASS,Artifact_Flow,Y,,PASS,None
100043522,275,2021-06-12,15,2022-02-02,MSPATHS_20220202_DICOM_site275_888MS005_bundle001.zip,MSPATHS_20220202_MASK_site275_888MS005_bundle001.zip,Y,-1.4906,PASS,Artifact_Flow,Y,0.0519,PASS,Artifact_Motion
100042922,275,2022-02-20,16,2023-01-24,,,Y,0.3023,PASS,Artifact_Aliasing,Y,0.1325,PASS,Artifact_Aliasing
500003723,326,2020-09-30,13,2021-02-23,MSPATHS_20210223_DICOM_site326_888MS005_bundle001.zip,MSPATHS_20210223_MASK_site326_888MS005_bundle001.zip,Y,0.8578,PASS,Artifact_Flow,Y,-0.3494,PASS,None
500003710,326,2021-09-22,15,2022-02-02,MSPATHS_20220202_DICOM_site326_888MS005_bundle001.zip,,N,,,,Y,,PASS,None
500003712,326,2021-10-13,15,2022-02-02,MSPATHS_20220202_DICOM_site326_888MS005_bundle001.zip,,N,,,,Y,,PASS,None
500003808,396,2021-08-30,15,2022-02-02,MSPATHS_20220202_DICOM_site396_888MS005_bundle001.zip,MSPATHS_20220202_MASK_site396_888MS005_bundle001.zip,Y,-0.3129,PASS,None,Y,4.5528,PASS,None
100042701,235,2019-09-08,10,2019-12-09,MSPATHS_20191209_DICOM_site235_888MS005_bundle001.zip,MSPATHS_20191209_MASK_site235_888MS005_bundle001.zip,Y,2.0347,PASS,Artifact_Flow,Y,1.6909,PASS,None
100046594,275,2019-12-13,11,2020-03-02,MSPATHS_20200302_DICOM_site275_888MS005_bundle001.zip,MSPATHS_20200302_MASK_site275_888MS005_bundle001.zip,Y,1.6638,PASS,None,Y,0.8702,PASS,None
500003751,326,2020-09-02,13,2021-02-23,MSPATHS_20210223_DICOM_site326_888MS005_bundle001.zip,,Y,,PASS,Artifact_Flow,Y,,PASS,None
500003831,396,2022-09-24,16,2023-01-24,,,Y,-2.1107,PASS,None,Y,2.8315,PASS,None
100028177,275,2018-01-01,8,2019-03-25,MSPATHS_20190325_DICOM_site275_888MS005_bundle001.zip,MSPATHS_20190325_MASK_site275_888MS005_bundle001.zip,Y,1.2397,PASS,Artifact_Flow,Y,1.1368,PASS,None
100039017,295,2018-06-04,8,2019-03-25,MSPATHS_20190325_DICOM_site295_888MS005_bundle001.zip,MSPATHS_20190325_MASK_site295_888MS005_bundle001.zip,Y,0.0543,PASS,None,Y,0.0979,PASS,Artifact_GibbsRinging
100051035,275,2021-07-23,15,2022-02-02,MSPATHS_20220202_DICOM_site275_888MS005_bundle001.zip,MSPATHS_20220202_MASK_site275_888MS005_bundle001.zip,Y,,PASS,Artifact_Flow,Y,,PASS,SNR_Low
100055227,295,2022-02-25,16,2023-01-24,,,Y,,PASS,Artifact_Flow,N,,,
100030198,275,2019-01-11,8,2019-03-25,MSPATHS_20190325_DICOM_site275_888MS005_bundle001.zip,,Y,0.7064,PASS,Artifact_Flow,Y,1.5657,PASS,None
100044588,295,2019-01-12,8,2019-03-25,MSPATHS_20190325_DICOM_site295_888MS005_bundle001.zip,MSPATHS_20190325_MASK_site295_888MS005_bundle001.zip,Y,-0.2492,PASS,Artifact_Flow,Y,-1.3896,PASS,None
500003720,326,2019-10-23,11,2020-03-02,MSPATHS_20200302_DICOM_site326_888MS005_bundle001.zip,MSPATHS_20200302_MASK_site326_888MS005_bundle001.zip,Y,0.5132,PASS,Artifact_Flow,Y,-1.4558,PASS,None
100043626,235,2020-11-14,13,2021-02-23,MSPATHS_20210223_DICOM_site235_888MS005_bundle001.zip,MSPATHS_20210223_MASK_site235_888MS005_bundle001.zip,Y,2.1708,PASS,None,Y,1.6993,PASS,None
100054415,275,2019-04-13,9,2019-08-12,MSPATHS_20190812_DICOM_site275_888MS005_bundle001.zip,MSPATHS_20190812_MASK_site275_888MS005_bundle001.zip,Y,0.3677,PASS,Artifact_Flow,Y,0.3741,PASS,None
100061424,295,2019-09-27,10,2019-12-09,MSPATHS_20191209_DICOM_site295_888MS005_bundle001.zip,MSPATHS_20191209_MASK_site295_888MS005_bundle001.zip,Y,,PASS,Artifact_Flow,Y,,PASS,Artifact_Motion
500012786,326,2021-09-08,15,2022-02-02,MSPATHS_20220202_DICOM_site326_888MS005_bundle001.zip,,N,,,,Y,,PASS,None
100031014,275,2019-03-02,9,2019-08-12,MSPATHS_20190812_DICOM_site275_888MS005_bundle001.zip,MSPATHS_20190812_MASK_site275_888MS005_bundle001.zip,Y,0.3868,PASS,Artifact_Flow,Y,0.8277,PASS,None
500003716,326,2019-10-16,11,2020-03-02,MSPATHS_20200302_DICOM_site326_888MS005_bundle001.zip,MSPATHS_20200302_MASK_site326_888MS005_bundle001.zip,Y,1.1857,PASS,Artifact_Flow,Y,0.0791,PASS,None
100046801,295,2021-02-08,14,2021-07-12,MSPATHS_20210712_DICOM_site295_888MS005_bundle001.zip,MSPATHS_20210712_MASK_site295_888MS005_bundle001.zip,Y,-2.9594,PASS,None,Y,-2.2293,PASS,None
100026381,275,2018-01-07,8,2019-03-25,MSPATHS_20190325_DICOM_site275_888MS005_bundle001.zip,MSPATHS_20190325_MASK_site275_888MS005_bundle001.zip,Y,0.5853,PASS,Artifact_Flow,Y,-1.2555,PASS,None
100049929,295,2020-01-11,12,2020-07-13,MSPATHS_20200713_DICOM_site295_888MS005_bundle001.zip,MSPATHS_20200713_MASK_site295_888MS005_bundle001.zip,Y,0.7732,PASS,Artifact_Flow,Y,-1.2695,PASS,None
500003654,326,2021-09-22,15,2022-02-02,MSPATHS_20220202_DICOM_site326_888MS005_bundle001.zip,,N,,,,Y,,PASS,None
100052659,275,2019-03-08,9,2019-08-12,MSPATHS_20190812_DICOM_site275_888MS005_bundle001.zip,MSPATHS_20190812_MASK_site275_888MS005_bundle001.zip,Y,1.2274,PASS,None,Y,1.8359,PASS,None
500003669,326,2019-09-11,10,2019-12-09,MSPATHS_20191209_DICOM_site326_888MS005_bundle001.zip,MSPATHS_20191209_MASK_site326_888MS005_bundle001.zip,Y,-1.4903,PASS,Artifact_Flow,Y,-1.015,PASS,None
100041033,215,2018-07-21,8,2019-03-25,MSPATHS_20190325_DICOM_site215_888MS005_bundle001.zip,MSPATHS_20190325_MASK_site215_888MS005_bundle001.zip,Y,0.6797,PASS,None,Y,-2.5696,PASS,SNR_Low
100054101,295,2019-04-06,9,2019-08-12,MSPATHS_20190812_DICOM_site295_888MS005_bundle001.zip,MSPATHS_20190812_MASK_site295_888MS005_bundle001.zip,Y,-1.1458,PASS,Artifact_Flow,Y,-1.9726,PASS,None
100057279,235,2019-06-23,10,2019-12-09,MSPATHS_20191209_DICOM_site235_888MS005_bundle001.zip,,Y,-2.6239,PASS,Artifact_Motion:Artifact_Flow:SNR_Low,Y,-3.9396,PASS,Artifact_Motion
500003724,326,2019-10-23,11,2020-03-02,MSPATHS_20200302_DICOM_site326_888MS005_bundle001.zip,MSPATHS_20200302_MASK_site326_888MS005_bundle001.zip,Y,0.2442,PASS,Other:Artifact_Flow,Y,0.0388,PASS,None
100057464,235,2019-06-29,10,2019-12-09,MSPATHS_20191209_DICOM_site235_888MS005_bundle001.zip,MSPATHS_20191209_MASK_site235_888MS005_bundle001.zip,Y,1.7368,PASS,Artifact_Flow,Y,1.0708,PASS,None
100058539,235,2019-07-21,10,2019-12-09,MSPATHS_20191209_DICOM_site235_888MS005_bundle001.zip,MSPATHS_20191209_MASK_site235_888MS005_bundle001.zip,Y,-3.3152,PASS,Artifact_Flow,Y,-1.0367,PASS,None
100059186,295,2019-08-04,10,2019-12-09,MSPATHS_20191209_DICOM_site295_888MS005_bundle001.zip,MSPATHS_20191209_MASK_site295_888MS005_bundle001.zip,Y,3.4406,PASS,Artifact_Flow,Y,1.8141,PASS,None
100047688,275,2019-11-08,11,2020-03-02,MSPATHS_20200302_DICOM_site275_888MS005_bundle001.zip,MSPATHS_20200302_MASK_site275_888MS005_bundle001.zip,Y,0.131,PASS,None,Y,2.0422,PASS,None
100037046,275,2018-06-14,8,2019-03-25,MSPATHS_20190325_DICOM_site275_888MS005_bundle001.zip,MSPATHS_20190325_MASK_site275_888MS005_bundle001.zip,Y,1.0562,PASS,Artifact_Flow,Y,1.4145,PASS,None
100035307,235,2019-04-07,9,2019-08-12,MSPATHS_20190812_DICOM_site235_888MS005_bundle001.zip,MSPATHS_20190812_MASK_site235_888MS005_bundle001.zip,Y,2.9284,PASS,Artifact_Flow,Y,1.6753,PASS,None
500003724,326,2020-09-02,13,2021-02-23,MSPATHS_20210223_DICOM_site326_888MS005_bundle001.zip,,Y,0.4454,PASS,Other:Artifact_Flow,Y,0.5222,PASS,None
100038576,275,2021-08-06,15,2022-02-02,MSPATHS_20220202_DICOM_site275_888MS005_bundle001.zip,MSPATHS_20220202_MASK_site275_888MS005_bundle001.zip,Y,-0.6627,PASS,Artifact_Flow,Y,-0.9805,PASS,None
100047875,295,2018-11-19,8,2019-03-25,MSPATHS_20190325_DICOM_site295_888MS005_bundle001.zip,MSPATHS_20190325_MASK_site295_888MS005_bundle001.zip,Y,0.8103,PASS,Artifact_Flow,Y,-1.5003,PASS,None
500003737,326,2019-10-30,11,2020-03-02,MSPATHS_20200302_DICOM_site326_888MS005_bundle001.zip,MSPATHS_20200302_MASK_site326_888MS005_bundle001.zip,Y,-0.1064,PASS,Artifact_Flow,Y,-0.2705,PASS,None
500003742,326,2020-09-30,13,2021-02-23,MSPATHS_20210223_DICOM_site326_888MS005_bundle001.zip,,Y,-1.7624,PASS,Artifact_Flow,Y,-1.6635,PASS,None
100051532,235,2021-03-06,14,2021-07-12,MSPATHS_20210712_DICOM_site235_888MS005_bundle001.zip,,Y,0.9706,PASS,Artifact_Flow,Y,1.3754,PASS,None
100050084,235,2020-01-11,11,2020-03-02,MSPATHS_20200302_DICOM_site235_888MS005_bundle001.zip,MSPATHS_20200302_MASK_site235_888MS005_bundle001.zip,Y,-1.5759,PASS,Artifact_Flow,Y,0.4074,PASS,None
100057464,235,2020-09-13,13,2021-02-23,MSPATHS_20210223_DICOM_site235_888MS005_bundle001.zip,MSPATHS_20210223_MASK_site235_888MS005_bundle001.zip,Y,-0.6431,PASS,Artifact_Flow,Y,-2.3883,PASS,None
500003673,326,2020-09-30,13,2021-02-23,MSPATHS_20210223_DICOM_site326_888MS005_bundle001.zip,MSPATHS_20210223_MASK_site326_888MS005_bundle001.zip,Y,-1.3067,PASS,Artifact_Flow,Y,-2.603,PASS,Artifact_Motion
500003721,326,2020-10-28,13,2021-02-23,MSPATHS_20210223_DICOM_site326_888MS005_bundle001.zip,MSPATHS_20210223_MASK_site326_888MS005_bundle001.zip,Y,-1.0217,PASS,Artifact_Motion,Y,-1.0249,PASS,None
100059186,295,2021-11-25,16,2023-01-24,,,Y,0.7854,PASS,None,Y,1.0622,PASS,None
500003726,326,2020-09-02,13,2021-02-23,MSPATHS_20210223_DICOM_site326_888MS005_bundle001.zip,MSPATHS_20210223_MASK_site326_888MS005_bundle001.zip,Y,-0.592,PASS,Artifact_Flow,Y,-0.7915,PASS,None
100064555,275,2021-04-24,15,2022-02-02,MSPATHS_20220202_DICOM_site275_888MS005_bundle001.zip,MSPATHS_20220202_MASK_site275_888MS005_bundle001.zip,Y,-0.075,PASS,None,Y,0.5506,PASS,None
100042201,235,2019-07-13,10,2019-12-09,MSPATHS_20191209_DICOM_site235_888MS005_bundle001.zip,MSPATHS_20191209_MASK_site235_888MS005_bundle001.zip,Y,0.6792,PASS,None,Y,1.3817,PASS,None
100042907,235,2020-10-11,13,2021-02-23,MSPATHS_20210223_DICOM_site235_888MS005_bundle001.zip,,Y,0.0298,PASS,Artifact_Flow,Y,0.258,PASS,None
500003672,326,2020-09-30,13,2021-02-23,MSPATHS_20210223_DICOM_site326_888MS005_bundle001.zip,MSPATHS_20210223_MASK_site326_888MS005_bundle001.zip,Y,-0.2455,PASS,Artifact_Flow,Y,0.0359,PASS,None
100050270,275,2019-01-17,8,2019-03-25,MSPATHS_20190325_DICOM_site275_888MS005_bundle001.zip,MSPATHS_20190325_MASK_site275_888MS005_bundle001.zip,Y,3.526,PASS,Artifact_Flow,Y,2.5768,PASS,None
100042907,235,2019-08-31,10,2019-12-09,MSPATHS_20191209_DICOM_site235_888MS005_bundle001.zip,MSPATHS_20191209_MASK_site235_888MS005_bundle001.zip,Y,-1.3932,PASS,Artifact_Flow,Y,1.7853,PASS,None
100059620,275,2019-08-17,10,2019-12-09,MSPATHS_20191209_DICOM_site275_888MS005_bundle001.zip,MSPATHS_20191209_MASK_site275_888MS005_bundle001.zip,Y,-1.114,PASS,Artifact_Flow,Y,-0.9619,PASS,None
100045257,295,2019-09-20,10,2019-12-09,MSPATHS_20191209_DICOM_site295_888MS005_bundle001.zip,MSPATHS_20191209_MASK_site295_888MS005_bundle001.zip,Y,0.8739,PASS,Artifact_Flow,Y,1.2722,PASS,None
100061805,215,2019-12-28,11,2020-03-02,MSPATHS_20200302_DICOM_site215_888MS005_bundle001.zip,MSPATHS_20200302_MASK_site215_888MS005_bundle001.zip,Y,0.4637,PASS,None,Y,0.4271,PASS,None
100046433,235,2021-02-05,14,2021-07-12,MSPATHS_20210712_DICOM_site235_888MS005_bundle001.zip,MSPATHS_20210712_MASK_site235_888MS005_bundle001.zip,Y,0.9482,PASS,Artifact_Flow,Y,-0.9744,PASS,None
100049631,295,2022-09-29,16,2023-01-24,,,Y,0.2949,PASS,None,Y,1.259,PASS,None
500003722,326,2020-09-09,13,2021-02-23,MSPATHS_20210223_DICOM_site326_888MS005_bundle001.zip,MSPATHS_20210223_MASK_site326_888MS005_bundle001.zip,Y,0.0267,PASS,None,Y,-0.5167,PASS,None
500003727,326,2020-10-28,13,2021-02-23,MSPATHS_20210223_DICOM_site326_888MS005_bundle001.zip,MSPATHS_20210223_MASK_site326_888MS005_bundle001.zip,Y,-0.1918,PASS,None,Y,-1.4829,PASS,None
500003726,326,2021-09-08,15,2022-02-02,MSPATHS_20220202_DICOM_site326_888MS005_bundle001.zip,,N,,,,Y,,PASS,None
500003758,326,2021-09-22,15,2022-02-02,MSPATHS_20220202_DICOM_site326_888MS005_bundle001.zip,,N,,,,Y,,PASS,None
500003816,396,2021-07-19,15,2022-02-02,MSPATHS_20220202_DICOM_site396_888MS005_bundle001.zip,MSPATHS_20220202_MASK_site396_888MS005_bundle001.zip,Y,-1.149,PASS,None,Y,-1.0779,PASS,None
100047688,275,2018-11-17,8,2019-03-25,MSPATHS_20190325_DICOM_site275_888MS005_bundle001.zip,MSPATHS_20190325_MASK_site275_888MS005_bundle001.zip,Y,2.0729,PASS,None,Y,1.6714,PASS,None
100044971,235,2019-09-27,10,2019-12-09,MSPATHS_20191209_DICOM_site235_888MS005_bundle001.zip,MSPATHS_20191209_MASK_site235_888MS005_bundle001.zip,Y,-0.1297,PASS,Artifact_Flow,Y,-2.0713,PASS,None
100047977,275,2019-11-08,11,2020-03-02,MSPATHS_20200302_DICOM_site275_888MS005_bundle001.zip,MSPATHS_20200302_MASK_site275_888MS005_bundle001.zip,Y,-0.4002,PASS,Artifact_Flow,Y,1.4472,PASS,None
100052183,295,2020-11-27,14,2021-07-12,MSPATHS_20210712_DICOM_site295_888MS005_bundle001.zip,MSPATHS_20210712_MASK_site295_888MS005_bundle001.zip,Y,-0.3191,PASS,Artifact_Flow:Other,Y,0.1683,PASS,None
100037965,275,2019-05-30,9,2019-08-12,MSPATHS_20190812_DICOM_site275_888MS005_bundle001.zip,MSPATHS_20190812_MASK_site275_888MS005_bundle001.zip,Y,-1.9232,PASS,Artifact_Flow,Y,-0.7552,PASS,Artifact_Motion
500003723,326,2019-10-23,11,2020-03-02,MSPATHS_20200302_DICOM_site326_888MS005_bundle001.zip,MSPATHS_20200302_MASK_site326_888MS005_bundle001.zip,Y,-0.0832,PASS,Artifact_Flow,Y,-0.8979,PASS,None
500003735,326,2019-10-30,11,2020-03-02,MSPATHS_20200302_DICOM_site326_888MS005_bundle001.zip,,Y,-0.2904,PASS,Artifact_Flow,Y,-0.5925,PASS,None
500003700,396,2020-01-03,12,2020-07-13,MSPATHS_20200713_DICOM_site396_888MS005_bundle001.zip,MSPATHS_20200713_MASK_site396_888MS005_bundle001.zip,Y,0.132,PASS,None,Y,-0.019,PASS,None
100030198,275,2018-01-27,8,2019-03-25,MSPATHS_20190325_DICOM_site275_888MS005_bundle001.zip,MSPATHS_20190325_MASK_site275_888MS005_bundle001.zip,Y,1.6695,PASS,Artifact_Flow,Y,1.972,PASS,None
100055003,235,2019-04-27,9,2019-08-12,MSPATHS_20190812_DICOM_site235_888MS005_bundle001.zip,MSPATHS_20190812_MASK_site235_888MS005_bundle001.zip,Y,0.5131,PASS,Artifact_Flow,Y,2.8722,PASS,None
500003738,326,2022-03-30,16,2023-01-24,,,N,,,,Y,,PASS,None
100035306,235,2020-08-28,13,2021-02-23,MSPATHS_20210223_DICOM_site235_888MS005_bundle001.zip,MSPATHS_20210223_MASK_site235_888MS005_bundle001.zip,Y,0.5451,PASS,None,Y,-0.1006,PASS,None
100047856,295,2021-03-28,14,2021-07-12,MSPATHS_20210712_DICOM_site295_888MS005_bundle001.zip,,Y,-1.745,PASS,None,Y,-1.889,PASS,None
100050662,275,2019-01-24,8,2019-03-25,MSPATHS_20190325_DICOM_site275_888MS005_bundle002.zip,MSPATHS_20190325_MASK_site275_888MS005_bundle002.zip,Y,1.7499,PASS,None,Y,1.5679,PASS,None
100052183,295,2019-02-28,9,2019-08-12,MSPATHS_20190812_DICOM_site295_888MS005_bundle001.zip,MSPATHS_20190812_MASK_site295_888MS005_bundle001.zip,Y,-0.895,PASS,Artifact_Flow,Y,0.1524,PASS,None
100050828,235,2020-01-19,12,2020-07-13,MSPATHS_20200713_DICOM_site235_888MS005_bundle001.zip,MSPATHS_20200713_MASK_site235_888MS005_bundle001.zip,Y,2.1082,PASS,Artifact_Flow,Y,0.5868,PASS,None
500003873,396,2022-03-14,16,2023-01-24,,,Y,-1.3398,PASS,None,Y,-1.5453,PASS,None
100043827,275,2018-09-02,8,2019-03-25,MSPATHS_20190325_DICOM_site275_888MS005_bundle001.zip,MSPATHS_20190325_MASK_site275_888MS005_bundle001.zip,Y,0.0549,PASS,Artifact_Flow,Y,0.5309,PASS,None
500003727,326,2019-10-23,11,2020-03-02,MSPATHS_20200302_DICOM_site326_888MS005_bundle001.zip,MSPATHS_20200302_MASK_site326_888MS005_bundle001.zip,Y,1.0178,PASS,Artifact_Flow,Y,0.0239,PASS,None
100057209,295,2019-06-22,9,2019-08-12,MSPATHS_20190812_DICOM_site295_888MS005_bundle001.zip,MSPATHS_20190812_MASK_site295_888MS005_bundle001.zip,Y,-0.2953,PASS,Artifact_Flow,Y,-0.9991,PASS,None
100045257,295,2021-03-08,14,2021-07-12,MSPATHS_20210712_DICOM_site295_888MS005_bundle001.zip,,Y,1.6316,PASS,None,Y,0.6476,PASS,None
100045308,275,2021-05-31,15,2022-02-02,MSPATHS_20220202_DICOM_site275_888MS005_bundle001.zip,MSPATHS_20220202_MASK_site275_888MS005_bundle001.zip,Y,-1.3591,PASS,Artifact_Flow,Y,-0.8473,PASS,Artifact_Motion
100047856,295,2018-11-19,8,2019-03-25,MSPATHS_20190325_DICOM_site295_888MS005_bundle001.zip,MSPATHS_20190325_MASK_site295_888MS005_bundle001.zip,Y,1.1443,PASS,None,Y,0.5533,PASS,None
100045259,235,2019-11-14,11,2020-03-02,MSPATHS_20200302_DICOM_site235_888MS005_bundle001.zip,MSPATHS_20200302_MASK_site235_888MS005_bundle001.zip,Y,-0.7103,PASS,Artifact_Flow,Y,-0.783,PASS,None
100038959,295,2019-06-02,9,2019-08-12,MSPATHS_20190812_DICOM_site295_888MS005_bundle001.zip,MSPATHS_20190812_MASK_site295_888MS005_bundle001.zip,Y,0.4398,PASS,Artifact_Flow,Y,0.8795,PASS,None
100038220,275,2018-07-15,8,2019-03-25,MSPATHS_20190325_DICOM_site275_888MS005_bundle001.zip,MSPATHS_20190325_MASK_site275_888MS005_bundle001.zip,Y,-1.1033,PASS,None,Y,-0.2553,PASS,Artifact_GibbsRinging
100029810,275,2019-02-17,9,2019-08-12,MSPATHS_20190812_DICOM_site275_888MS005_bundle001.zip,MSPATHS_20190812_MASK_site275_888MS005_bundle001.zip,Y,3.9324,PASS,Artifact_Flow,Y,1.1929,PASS,None
500003758,326,2019-11-06,11,2020-03-02,MSPATHS_20200302_DICOM_site326_888MS005_bundle002.zip,MSPATHS_20200302_MASK_site326_888MS005_bundle002.zip,Y,0.879,PASS,Artifact_Flow,Y,0.1556,PASS,None
500003725,326,2021-10-20,15,2022-02-02,MSPATHS_20220202_DICOM_site326_888MS005_bundle001.zip,,N,,,,Y,,PASS,Other
500003654,326,2022-02-23,16,2023-01-24,,,N,,,,Y,,PASS,None
100048768,275,2018-12-16,8,2019-03-25,MSPATHS_20190325_DICOM_site275_888MS005_bundle001.zip,MSPATHS_20190325_MASK_site275_888MS005_bundle001.zip,Y,0.8394,PASS,Artifact_Flow,Y,0.5602,PASS,None
100044547,235,2020-11-27,13,2021-02-23,MSPATHS_20210223_DICOM_site235_888MS005_bundle001.zip,MSPATHS_20210223_MASK_site235_888MS005_bundle001.zip,Y,-0.3366,PASS,Artifact_Flow,Y,0.0723,PASS,None
500003669,326,2021-10-20,15,2022-02-02,MSPATHS_20220202_DICOM_site326_888MS005_bundle001.zip,,N,,,,Y,,PASS,None
100049286,235,2018-12-27,8,2019-03-25,MSPATHS_20190325_DICOM_site235_888MS005_bundle001.zip,MSPATHS_20190325_MASK_site235_888MS005_bundle001.zip,Y,0.5729,PASS,Artifact_Flow,Y,1.526,PASS,None
500003816,396,2020-07-27,13,2021-02-23,MSPATHS_20210223_DICOM_site396_888MS005_bundle001.zip,,Y,-1.2795,PASS,Intensity_Nonuniform,Y,-0.5434,PASS,None
100048866,235,2018-12-31,8,2019-03-25,MSPATHS_20190325_DICOM_site235_888MS005_bundle001.zip,MSPATHS_20190325_MASK_site235_888MS005_bundle001.zip,Y,-1.6993,PASS,Artifact_Flow:Intensity_Nonuniform,Y,0.3796,PASS,Artifact_Motion
100049235,275,2020-02-10,12,2020-07-13,MSPATHS_20200713_DICOM_site275_888MS005_bundle001.zip,,Y,-0.0215,PASS,None,Y,1.1234,PASS,None
500003756,326,2021-10-20,15,2022-02-02,MSPATHS_20220202_DICOM_site326_888MS005_bundle001.zip,,N,,,,Y,,PASS,None
500003828,396,2021-09-06,15,2022-02-02,MSPATHS_20220202_DICOM_site396_888MS005_bundle001.zip,MSPATHS_20220202_MASK_site396_888MS005_bundle001.zip,Y,-0.9478,PASS,None,Y,0.1627,PASS,None
100047977,275,2022-08-12,16,2023-01-24,,,Y,-2.1619,PASS,None,Y,1.1087,PASS,None
100036160,215,2018-06-16,8,2019-03-25,MSPATHS_20190325_DICOM_site215_888MS005_bundle001.zip,MSPATHS_20190325_MASK_site215_888MS005_bundle001.zip,Y,,PASS,Other,Y,,PASS,Other:SNR_Low
100027864,275,2018-12-27,8,2019-03-25,MSPATHS_20190325_DICOM_site275_888MS005_bundle001.zip,MSPATHS_20190325_MASK_site275_888MS005_bundle001.zip,Y,3.6434,PASS,Artifact_Flow,Y,3.0271,PASS,None
500003728,326,2020-10-14,13,2021-02-23,MSPATHS_20210223_DICOM_site326_888MS005_bundle001.zip,MSPATHS_20210223_MASK_site326_888MS005_bundle001.zip,Y,-1.0236,PASS,Artifact_Flow,Y,-1.0268,PASS,None
500003737,326,2021-09-29,15,2022-02-02,MSPATHS_20220202_DICOM_site326_888MS005_bundle001.zip,,N,,,,Y,,PASS,None
100061290,295,2022-02-10,16,2023-01-24,,,Y,-0.6602,PASS,Artifact_Flow,Y,-1.1049,PASS,None
100045257,295,2018-10-01,8,2019-03-25,MSPATHS_20190325_DICOM_site295_888MS005_bundle001.zip,MSPATHS_20190325_MASK_site295_888MS005_bundle001.zip,Y,3.5248,PASS,Artifact_Flow,Y,1.2159,PASS,None
100064555,275,2019-12-22,11,2020-03-02,MSPATHS_20200302_DICOM_site275_888MS005_bundle001.zip,MSPATHS_20200302_MASK_site275_888MS005_bundle001.zip,Y,4.4756,PASS,Artifact_Flow,Y,2.2905,PASS,None
500003667,326,2021-09-29,15,2022-02-02,MSPATHS_20220202_DICOM_site326_888MS005_bundle001.zip,,N,,,,Y,,PASS,None
100055158,295,2019-05-04,9,2019-08-12,MSPATHS_20190812_DICOM_site295_888MS005_bundle001.zip,MSPATHS_20190812_MASK_site295_888MS005_bundle001.zip,Y,-1.1162,PASS,None,Y,-2.9897,PASS,None
100042568,275,2019-08-25,10,2019-12-09,MSPATHS_20191209_DICOM_site275_888MS005_bundle001.zip,MSPATHS_20191209_MASK_site275_888MS005_bundle001.zip,Y,1.4505,PASS,None,Y,2.5399,PASS,None
100045958,235,2018-10-13,8,2019-03-25,MSPATHS_20190325_DICOM_site235_888MS005_bundle001.zip,MSPATHS_20190325_MASK_site235_888MS005_bundle001.zip,Y,1.5261,PASS,Artifact_Flow,Y,0.6658,PASS,None
100053203,235,2020-08-14,13,2021-02-23,MSPATHS_20210223_DICOM_site235_888MS005_bundle001.zip,MSPATHS_20210223_MASK_site235_888MS005_bundle001.zip,Y,-0.0312,PASS,None,Y,-0.6755,PASS,None
100063639,215,2021-08-08,15,2022-02-02,MSPATHS_20220202_DICOM_site215_888MS005_bundle001.zip,,Y,,PASS,None,Y,,PASS,None
100048866,235,2020-01-04,11,2020-03-02,MSPATHS_20200302_DICOM_site235_888MS005_bundle001.zip,MSPATHS_20200302_MASK_site235_888MS005_bundle001.zip,Y,1.351,PASS,Artifact_Flow,Y,1.1947,PASS,None
500003750,326,2019-11-06,11,2020-03-02,MSPATHS_20200302_DICOM_site326_888MS005_bundle001.zip,MSPATHS_20200302_MASK_site326_888MS005_bundle001.zip,Y,-0.4462,PASS,Artifact_Flow,Y,-0.4169,PASS,None
100055003,235,2021-06-03,15,2022-02-02,MSPATHS_20220202_DICOM_site235_888MS005_bundle001.zip,MSPATHS_20220202_MASK_site235_888MS005_bundle001.zip,Y,-0.6176,PASS,Artifact_Flow,Y,0.809,PASS,None
500003715,326,2021-10-20,15,2022-02-02,MSPATHS_20220202_DICOM_site326_888MS005_bundle001.zip,,N,,,,Y,,PASS,None
500003756,326,2019-11-06,11,2020-03-02,MSPATHS_20200302_DICOM_site326_888MS005_bundle001.zip,MSPATHS_20200302_MASK_site326_888MS005_bundle001.zip,Y,0.3397,PASS,Artifact_Flow,Y,-0.8206,PASS,None
500003656,326,2020-09-09,13,2021-02-23,MSPATHS_20210223_DICOM_site326_888MS005_bundle001.zip,,Y,1.059,PASS,Artifact_Flow,Y,0.2863,PASS,None
500003757,326,2021-10-13,15,2022-02-02,MSPATHS_20220202_DICOM_site326_888MS005_bundle001.zip,,N,,,,Y,,PASS,None
500003751,326,2019-11-06,11,2020-03-02,MSPATHS_20200302_DICOM_site326_888MS005_bundle001.zip,MSPATHS_20200302_MASK_site326_888MS005_bundle001.zip,Y,0.6167,PASS,Artifact_Flow,Y,-0.1733,PASS,None
100036709,295,2020-10-22,14,2021-07-12,MSPATHS_20210712_DICOM_site295_888MS005_bundle001.zip,,Y,1.145,PASS,None,Y,-2.7682,PASS,None
500003672,326,2022-03-30,16,2023-01-24,,,N,,,,Y,,PASS,None
100051532,235,2019-02-10,9,2019-08-12,MSPATHS_20190812_DICOM_site235_888MS005_bundle001.zip,MSPATHS_20190812_MASK_site235_888MS005_bundle001.zip,Y,2.4445,PASS,Artifact_Flow,Y,2.0805,PASS,None
500003713,326,2019-10-16,11,2020-03-02,MSPATHS_20200302_DICOM_site326_888MS005_bundle001.zip,MSPATHS_20200302_MASK_site326_888MS005_bundle001.zip,Y,,PASS,Artifact_Flow:Artifact_Motion,Y,,PASS,None
500003757,326,2019-11-06,11,2020-03-02,MSPATHS_20200302_DICOM_site326_888MS005_bundle001.zip,MSPATHS_20200302_MASK_site326_888MS005_bundle001.zip,Y,-1.046,PASS,Artifact_Flow:Artifact_Metal,Y,-1.1436,PASS,Artifact_Metal
500003816,396,2022-07-11,16,2023-01-24,,,Y,-1.0781,PASS,None,Y,0.0661,PASS,None
500003672,326,2021-09-29,15,2022-02-02,MSPATHS_20220202_DICOM_site326_888MS005_bundle001.zip,,N,,,,Y,,PASS,None
100058472,275,2019-07-20,10,2019-12-09,MSPATHS_20191209_DICOM_site275_888MS005_bundle001.zip,MSPATHS_20191209_MASK_site275_888MS005_bundle001.zip,Y,0.7556,PASS,Artifact_Flow,Y,1.2445,PASS,None
100040841,215,2020-09-26,13,2021-02-23,MSPATHS_20210223_DICOM_site215_888MS005_bundle001.zip,MSPATHS_20210223_MASK_site215_888MS005_bundle001.zip,Y,-0.3299,PASS,None,Y,-2.8559,PASS,None
100060770,295,2021-04-08,14,2021-07-12,MSPATHS_20210712_DICOM_site295_888MS005_bundle001.zip,MSPATHS_20210712_MASK_site295_888MS005_bundle001.zip,Y,-1.3506,PASS,None,Y,0.1253,PASS,None
500003725,326,2019-10-23,11,2020-03-02,MSPATHS_20200302_DICOM_site326_888MS005_bundle001.zip,MSPATHS_20200302_MASK_site326_888MS005_bundle001.zip,Y,0.0407,PASS,Other:Artifact_Flow,Y,-0.1277,PASS,Other
500003828,396,2020-02-17,12,2020-07-13,MSPATHS_20200713_DICOM_site396_888MS005_bundle001.zip,MSPATHS_20200713_MASK_site396_888MS005_bundle001.zip,Y,-1.2215,PASS,Intensity_Nonuniform,Y,3.6679,PASS,None
100039830,215,2022-06-05,16,2023-01-24,,,Y,,PASS,Other,N,,,
500003652,326,2021-09-08,15,2022-02-02,MSPATHS_20220202_DICOM_site326_888MS005_bundle001.zip,,N,,,,Y,,PASS,None
100058423,275,2019-07-19,10,2019-12-09,MSPATHS_20191209_DICOM_site275_888MS005_bundle001.zip,MSPATHS_20191209_MASK_site275_888MS005_bundle001.zip,Y,0.7476,PASS,None,Y,0.3451,PASS,None
100043827,275,2019-11-02,11,2020-03-02,MSPATHS_20200302_DICOM_site275_888MS005_bundle001.zip,MSPATHS_20200302_MASK_site275_888MS005_bundle001.zip,Y,-0.7925,PASS,Artifact_Flow,Y,0.694,PASS,None
500003818,396,2022-09-02,16,2023-01-24,,,Y,1.3367,PASS,None,Y,3.6249,PASS,None
100035306,235,2019-05-04,9,2019-08-12,MSPATHS_20190812_DICOM_site235_888MS005_bundle001.zip,,Y,-0.1676,PASS,Artifact_Flow,Y,-0.1085,PASS,None
100040871,215,2020-01-24,12,2020-07-13,MSPATHS_20200713_DICOM_site215_888MS005_bundle001.zip,MSPATHS_20200713_MASK_site215_888MS005_bundle001.zip,Y,1.0388,PASS,None,Y,0.7647,PASS,None
500003757,326,2020-09-02,13,2021-02-23,MSPATHS_20210223_DICOM_site326_888MS005_bundle002.zip,MSPATHS_20210223_MASK_site326_888MS005_bundle002.zip,Y,0.205,PASS,Artifact_Flow,Y,-0.7302,PASS,None
100044853,295,2021-01-11,14,2021-07-12,MSPATHS_20210712_DICOM_site295_888MS005_bundle001.zip,,Y,-0.014,PASS,Other,Y,1.3899,PASS,None
100065514,295,2021-09-23,15,2022-02-02,MSPATHS_20220202_DICOM_site295_888MS005_bundle001.zip,MSPATHS_20220202_MASK_site295_888MS005_bundle001.zip,Y,0.8432,PASS,Artifact_Flow,Y,1.2949,PASS,None
500003741,326,2019-10-30,11,2020-03-02,MSPATHS_20200302_DICOM_site326_888MS005_bundle001.zip,MSPATHS_20200302_MASK_site326_888MS005_bundle001.zip,Y,0.5941,PASS,Artifact_Flow,Y,-0.3453,PASS,None
100061398,235,2021-10-01,15,2022-02-02,MSPATHS_20220202_DICOM_site235_888MS005_bundle001.zip,MSPATHS_20220202_MASK_site235_888MS005_bundle001.zip,Y,,PASS,Artifact_Flow,Y,,PASS,None
100047688,275,2021-07-08,15,2022-02-02,MSPATHS_20220202_DICOM_site275_888MS005_bundle001.zip,MSPATHS_20220202_MASK_site275_888MS005_bundle001.zip,Y,-0.6955,PASS,Other,Y,0.2704,PASS,None
500003666,326,2019-09-11,10,2019-12-09,MSPATHS_20191209_DICOM_site326_888MS005_bundle001.zip,MSPATHS_20191209_MASK_site326_888MS005_bundle001.zip,Y,-0.7706,PASS,Artifact_Flow,Y,-1.0094,PASS,None
100050921,275,2019-01-28,8,2019-03-25,MSPATHS_20190325_DICOM_site275_888MS005_bundle002.zip,MSPATHS_20190325_MASK_site275_888MS005_bundle002.zip,Y,-0.7976,PASS,Artifact_Motion,Y,1.2084,PASS,None
100056653,235,2019-06-08,10,2019-12-09,MSPATHS_20191209_DICOM_site235_888MS005_bundle001.zip,MSPATHS_20191209_MASK_site235_888MS005_bundle001.zip,Y,0.0601,PASS,Artifact_Motion,Y,-0.8843,PASS,None
500003657,326,2019-10-09,11,2020-03-02,MSPATHS_20200302_DICOM_site326_888MS005_bundle001.zip,MSPATHS_20200302_MASK_site326_888MS005_bundle001.zip,Y,0.5956,PASS,Artifact_Flow,Y,0.2642,PASS,None
500003728,326,2019-10-23,11,2020-03-02,MSPATHS_20200302_DICOM_site326_888MS005_bundle001.zip,MSPATHS_20200302_MASK_site326_888MS005_bundle001.zip,Y,0.0356,PASS,Artifact_Flow,Y,-0.0802,PASS,None
100059186,295,2021-01-03,14,2021-07-12,MSPATHS_20210712_DICOM_site295_888MS005_bundle001.zip,,Y,0.066,PASS,None,Y,-1.3687,PASS,None
100043626,235,2018-08-30,8,2019-03-25,MSPATHS_20190325_DICOM_site235_888MS005_bundle001.zip,MSPATHS_20190325_MASK_site235_888MS005_bundle001.zip,Y,-0.6357,PASS,Artifact_Flow:Intensity_Nonuniform,Y,-0.9912,PASS,Intensity_Nonuniform
100047044,275,2018-11-04,8,2019-03-25,MSPATHS_20190325_DICOM_site275_888MS005_bundle001.zip,MSPATHS_20190325_MASK_site275_888MS005_bundle001.zip,Y,1.3767,PASS,Artifact_Flow,Y,1.46,PASS,None
100050457,275,2019-01-19,8,2019-03-25,MSPATHS_20190325_DICOM_site275_888MS005_bundle002.zip,MSPATHS_20190325_MASK_site275_888MS005_bundle002.zip,Y,3.8309,PASS,None,Y,0.6146,PASS,None
100061290,295,2019-09-23,10,2019-12-09,MSPATHS_20191209_DICOM_site295_888MS005_bundle001.zip,MSPATHS_20191209_MASK_site295_888MS005_bundle001.zip,Y,-0.3357,PASS,Artifact_Flow,Y,0.8924,PASS,None
500003657,326,2020-09-02,13,2021-02-23,MSPATHS_20210223_DICOM_site326_888MS005_bundle001.zip,MSPATHS_20210223_MASK_site326_888MS005_bundle001.zip,Y,0.4061,PASS,Artifact_Flow,Y,0.1073,PASS,None
100040678,295,2021-09-25,15,2022-02-02,MSPATHS_20220202_DICOM_site295_888MS005_bundle001.zip,,Y,1.0487,PASS,Artifact_Flow,Y,-1.2283,PASS,None
100061973,235,2019-10-10,10,2019-12-09,MSPATHS_20191209_DICOM_site235_888MS005_bundle001.zip,MSPATHS_20191209_MASK_site235_888MS005_bundle001.zip,Y,1.2476,PASS,None,Y,2.3592,PASS,None
500003652,326,2020-09-09,13,2021-02-23,MSPATHS_20210223_DICOM_site326_888MS005_bundle001.zip,,Y,0.1884,PASS,Artifact_Flow,Y,0.6699,PASS,None
100061290,295,2021-03-22,14,2021-07-12,MSPATHS_20210712_DICOM_site295_888MS005_bundle001.zip,MSPATHS_20210712_MASK_site295_888MS005_bundle001.zip,Y,0.0741,PASS,None,Y,0.736,PASS,None
100054489,235,2020-09-03,13,2021-02-23,MSPATHS_20210223_DICOM_site235_888MS005_bundle001.zip,MSPATHS_20210223_MASK_site235_888MS005_bundle001.zip,Y,2.0073,PASS,Artifact_Flow,Y,1.2469,PASS,None
500003766,396,2021-10-18,16,2023-01-24,,,Y,-2.0863,PASS,None,Y,-0.6021,PASS,None
100055504,235,2019-05-11,9,2019-08-12,MSPATHS_20190812_DICOM_site235_888MS005_bundle001.zip,MSPATHS_20190812_MASK_site235_888MS005_bundle001.zip,Y,2.7789,PASS,None,Y,3.7903,PASS,None
100036598,215,2019-11-15,11,2020-03-02,MSPATHS_20200302_DICOM_site215_888MS005_bundle001.zip,MSPATHS_20200302_MASK_site215_888MS005_bundle001.zip,Y,-0.6587,PASS,None,Y,-2.1127,PASS,SNR_Low
100064800,235,2019-12-28,11,2020-03-02,MSPATHS_20200302_DICOM_site235_888MS005_bundle001.zip,MSPATHS_20200302_MASK_site235_888MS005_bundle001.zip,Y,-1.698,PASS,Artifact_Motion,Y,0.1129,PASS,None
500012765,326,2020-10-21,13,2021-02-23,MSPATHS_20210223_DICOM_site326_888MS005_bundle002.zip,MSPATHS_20210223_MASK_site326_888MS005_bundle002.zip,Y,-0.6249,PASS,Artifact_Flow,Y,-2.1202,PASS,None
100064044,235,2022-01-17,16,2023-01-24,,,Y,-0.6898,PASS,Artifact_Flow,Y,-1.2108,PASS,None
100046801,295,2018-11-26,8,2019-03-25,MSPATHS_20190325_DICOM_site295_888MS005_bundle001.zip,MSPATHS_20190325_MASK_site295_888MS005_bundle001.zip,Y,-1.7609,PASS,Artifact_Motion,Y,-1.7487,PASS,None
100054489,235,2019-04-14,9,2019-08-12,MSPATHS_20190812_DICOM_site235_888MS005_bundle001.zip,MSPATHS_20190812_MASK_site235_888MS005_bundle001.zip,Y,4.6947,PASS,Artifact_Flow,Y,5.7496,PASS,None
100057658,235,2019-07-04,10,2019-12-09,MSPATHS_20191209_DICOM_site235_888MS005_bundle001.zip,MSPATHS_20191209_MASK_site235_888MS005_bundle001.zip,Y,0.1936,PASS,None,Y,1.0451,PASS,Intensity_Nonuniform
500003739,326,2020-10-28,13,2021-02-23,MSPATHS_20210223_DICOM_site326_888MS005_bundle001.zip,MSPATHS_20210223_MASK_site326_888MS005_bundle001.zip,Y,-0.499,PASS,None,Y,0.3306,PASS,None
500012488,396,2020-07-26,13,2021-02-23,MSPATHS_20210223_DICOM_site396_888MS005_bundle001.zip,MSPATHS_20210223_MASK_site396_888MS005_bundle001.zip,Y,-0.3522,PASS,Intensity_Nonuniform:Artifact_Motion,Y,-0.6444,PASS,Other
500003742,326,2021-10-20,15,2022-02-02,MSPATHS_20220202_DICOM_site326_888MS005_bundle001.zip,,N,,,,Y,,PASS,None
100047108,295,2019-12-02,11,2020-03-02,MSPATHS_20200302_DICOM_site295_888MS005_bundle001.zip,MSPATHS_20200302_MASK_site295_888MS005_bundle001.zip,Y,-0.4985,PASS,Artifact_Flow,Y,1.0265,PASS,None
100038560,295,2018-05-27,8,2019-03-25,MSPATHS_20190325_DICOM_site295_888MS005_bundle001.zip,MSPATHS_20190325_MASK_site295_888MS005_bundle001.zip,Y,0.1676,PASS,None,Y,-1.4305,PASS,None
100055332,295,2021-09-26,15,2022-02-02,MSPATHS_20220202_DICOM_site295_888MS005_bundle001.zip,,Y,-0.1346,PASS,None,Y,-1.0887,PASS,Artifact_Motion
100051830,235,2019-02-17,9,2019-08-12,MSPATHS_20190812_DICOM_site235_888MS005_bundle001.zip,MSPATHS_20190812_MASK_site235_888MS005_bundle001.zip,Y,-0.2153,PASS,Artifact_Flow,Y,0.5316,PASS,None
100045958,235,2019-11-16,11,2020-03-02,MSPATHS_20200302_DICOM_site235_888MS005_bundle001.zip,MSPATHS_20200302_MASK_site235_888MS005_bundle001.zip,Y,1.8039,PASS,Artifact_Flow,Y,1.8101,PASS,None
100045626,295,2019-10-11,10,2019-12-09,MSPATHS_20191209_DICOM_site295_888MS005_bundle001.zip,MSPATHS_20191209_MASK_site295_888MS005_bundle001.zip,Y,0.0129,PASS,Artifact_Flow,Y,-0.7668,PASS,None
500003741,326,2021-10-13,15,2022-02-02,MSPATHS_20220202_DICOM_site326_888MS005_bundle001.zip,,N,,,,Y,,PASS,None
100046433,235,2018-10-21,8,2019-03-25,MSPATHS_20190325_DICOM_site235_888MS005_bundle001.zip,MSPATHS_20190325_MASK_site235_888MS005_bundle001.zip,Y,0.8291,PASS,Artifact_Flow,Y,-0.7735,PASS,None
500003752,326,2020-09-02,13,2021-02-23,MSPATHS_20210223_DICOM_site326_888MS005_bundle001.zip,MSPATHS_20210223_MASK_site326_888MS005_bundle001.zip,Y,-1.6578,PASS,Artifact_Flow,Y,-1.515,PASS,None
100052183,295,2021-12-17,16,2023-01-24,,,Y,-0.2845,PASS,Other:Artifact_Flow,Y,-1.6516,PASS,Other
100055227,295,2022-02-25,16,2023-01-24,,,N,,,,Y,,PASS,None
100040195,295,2019-01-18,8,2019-03-25,MSPATHS_20190325_DICOM_site295_888MS005_bundle001.zip,MSPATHS_20190325_MASK_site295_888MS005_bundle001.zip,Y,2.9702,PASS,Artifact_Flow,Y,1.7582,PASS,None
100043522,275,2019-08-26,10,2019-12-09,MSPATHS_20191209_DICOM_site275_888MS005_bundle001.zip,MSPATHS_20191209_MASK_site275_888MS005_bundle001.zip,Y,-1.0965,PASS,Artifact_Flow,Y,0.6018,PASS,None
500003667,326,2019-09-11,10,2019-12-09,MSPATHS_20191209_DICOM_site326_888MS005_bundle001.zip,MSPATHS_20191209_MASK_site326_888MS005_bundle001.zip,Y,-0.1168,PASS,Artifact_Flow,Y,0.1054,PASS,None
500003758,326,2020-09-09,13,2021-02-23,MSPATHS_20210223_DICOM_site326_888MS005_bundle002.zip,MSPATHS_20210223_MASK_site326_888MS005_bundle002.zip,Y,0.0921,PASS,Artifact_Flow,Y,-0.185,PASS,Artifact_Metal
100049929,295,2021-01-10,14,2021-07-12,MSPATHS_20210712_DICOM_site295_888MS005_bundle001.zip,,Y,0.2684,PASS,None,Y,0.5059,PASS,None
100044565,295,2018-09-23,8,2019-03-25,MSPATHS_20190325_DICOM_site295_888MS005_bundle001.zip,MSPATHS_20190325_MASK_site295_888MS005_bundle001.zip,Y,1.5646,PASS,Artifact_Flow,Y,0.7678,PASS,None
100050828,235,2021-03-14,14,2021-07-12,MSPATHS_20210712_DICOM_site235_888MS005_bundle001.zip,MSPATHS_20210712_MASK_site235_888MS005_bundle001.zip,Y,2.1173,PASS,None,Y,0.0838,PASS,None
100040195,295,2022-09-29,16,2023-01-24,,,Y,1.6945,PASS,None,Y,3.287,PASS,None
500003862,396,2022-04-08,16,2023-01-24,,,Y,-0.6206,PASS,None,Y,-0.7447,PASS,None
500003824,396,2021-08-26,15,2022-02-02,MSPATHS_20220202_DICOM_site396_888MS005_bundle001.zip,MSPATHS_20220202_MASK_site396_888MS005_bundle001.zip,Y,-2.0046,PASS,None,Y,-0.4363,PASS,None
100047108,295,2018-11-05,8,2019-03-25,MSPATHS_20190325_DICOM_site295_888MS005_bundle001.zip,MSPATHS_20190325_MASK_site295_888MS005_bundle001.zip,Y,2.4006,PASS,Artifact_Flow,Y,0.7778,PASS,None
100037627,275,2019-06-08,9,2019-08-12,MSPATHS_20190812_DICOM_site275_888MS005_bundle001.zip,MSPATHS_20190812_MASK_site275_888MS005_bundle001.zip,Y,-0.8928,PASS,Artifact_Motion:Artifact_Flow,Y,0.066,PASS,Artifact_Motion
100040678,295,2019-07-07,10,2019-12-09,MSPATHS_20191209_DICOM_site295_888MS005_bundle001.zip,MSPATHS_20191209_MASK_site295_888MS005_bundle001.zip,Y,3.0804,PASS,Artifact_Flow,Y,1.1796,PASS,None
100044565,295,2019-09-01,10,2019-12-09,MSPATHS_20191209_DICOM_site295_888MS005_bundle001.zip,MSPATHS_20191209_MASK_site295_888MS005_bundle001.zip,Y,-1.5352,PASS,Artifact_Flow,Y,0.3325,PASS,None
100044853,295,2019-08-29,10,2019-12-09,MSPATHS_20191209_DICOM_site295_888MS005_bundle001.zip,MSPATHS_20191209_MASK_site295_888MS005_bundle001.zip,Y,-0.1691,PASS,Artifact_Flow,Y,0.219,PASS,None
500003753,326,2019-11-06,11,2020-03-02,MSPATHS_20200302_DICOM_site326_888MS005_bundle001.zip,MSPATHS_20200302_MASK_site326_888MS005_bundle001.zip,Y,-1.179,PASS,Artifact_Flow,Y,-2.1116,PASS,None
500003743,396,2019-11-25,11,2020-03-02,MSPATHS_20200302_DICOM_site396_888MS005_bundle001.zip,MSPATHS_20200302_MASK_site396_888MS005_bundle001.zip,Y,-0.9741,PASS,Intensity_Nonuniform,Y,0.5149,PASS,None
500003673,326,2021-09-29,15,2022-02-02,MSPATHS_20220202_DICOM_site326_888MS005_bundle001.zip,,N,,,,Y,,PASS,None
100049235,275,2022-02-28,16,2023-01-24,,,Y,0.1319,PASS,None,Y,-0.9333,PASS,None
100037627,275,2018-05-26,8,2019-03-25,MSPATHS_20190325_DICOM_site275_888MS005_bundle001.zip,MSPATHS_20190325_MASK_site275_888MS005_bundle001.zip,Y,1.1512,PASS,Artifact_Flow,Y,-0.0645,PASS,None
100038685,295,2018-05-31,8,2019-03-25,MSPATHS_20190325_DICOM_site295_888MS005_bundle001.zip,MSPATHS_20190325_MASK_site295_888MS005_bundle001.zip,Y,-1.2462,PASS,Artifact_Flow,Y,-3.1375,PASS,None
500003670,326,2019-09-11,10,2019-12-09,MSPATHS_20191209_DICOM_site326_888MS005_bundle001.zip,MSPATHS_20191209_MASK_site326_888MS005_bundle001.zip,Y,-1.4081,PASS,Artifact_Flow,Y,-1.431,PASS,Artifact_Motion
100055003,235,2020-07-31,13,2021-02-23,MSPATHS_20210223_DICOM_site235_888MS005_bundle001.zip,MSPATHS_20210223_MASK_site235_888MS005_bundle001.zip,Y,-0.6571,PASS,Artifact_Flow,Y,0.4207,PASS,None
100055332,295,2020-10-01,14,2021-07-12,MSPATHS_20210712_DICOM_site295_888MS005_bundle001.zip,,Y,-0.7063,PASS,Artifact_Flow,Y,-1.731,PASS,None
500003652,326,2019-10-16,11,2020-03-02,MSPATHS_20200302_DICOM_site326_888MS005_bundle001.zip,MSPATHS_20200302_MASK_site326_888MS005_bundle001.zip,Y,-0.9411,PASS,Artifact_Flow,Y,0.3305,PASS,None
100049348,235,2020-02-16,12,2020-07-13,MSPATHS_20200713_DICOM_site235_888MS005_bundle001.zip,MSPATHS_20200713_MASK_site235_888MS005_bundle001.zip,Y,-0.6467,PASS,Intensity_Nonuniform,Y,1.5849,PASS,Intensity_Nonuniform
500003835,396,2021-07-12,15,2022-02-02,MSPATHS_20220202_DICOM_site396_888MS005_bundle001.zip,MSPATHS_20220202_MASK_site396_888MS005_bundle001.zip,Y,-0.6537,PASS,Other,Y,2.2909,PASS,Other
500003835,396,2022-09-24,16,2023-01-24,,,Y,-1.1577,PASS,None,Y,0.742,PASS,None
500003717,326,2019-10-16,11,2020-03-02,MSPATHS_20200302_DICOM_site326_888MS005_bundle001.zip,MSPATHS_20200302_MASK_site326_888MS005_bundle001.zip,Y,,PASS,Artifact_Flow,Y,,PASS,None
100053452,235,2021-05-09,14,2021-07-12,MSPATHS_20210712_DICOM_site235_888MS005_bundle001.zip,MSPATHS_20210712_MASK_site235_888MS005_bundle001.zip,Y,0.8631,PASS,None,Y,0.7379,PASS,None
500003766,396,2022-09-19,16,2023-01-24,,,Y,-2.2387,PASS,None,Y,-1.2933,PASS,None
100042201,235,2018-08-02,8,2019-03-25,MSPATHS_20190325_DICOM_site235_888MS005_bundle001.zip,MSPATHS_20190325_MASK_site235_888MS005_bundle001.zip,Y,-0.1422,PASS,Artifact_Flow:Other,Y,0.5395,PASS,Artifact_Motion
100044960,275,2018-09-27,8,2019-03-25,MSPATHS_20190325_DICOM_site275_888MS005_bundle001.zip,MSPATHS_20190325_MASK_site275_888MS005_bundle001.zip,Y,0.4879,PASS,Other:Artifact_Flow,Y,2.5249,PASS,Other
100046425,295,2019-03-28,9,2019-08-12,MSPATHS_20190812_DICOM_site295_888MS005_bundle001.zip,MSPATHS_20190812_MASK_site295_888MS005_bundle001.zip,Y,6.5013,PASS,Artifact_Flow,Y,3.5852,PASS,None
100054415,275,2021-06-17,15,2022-02-02,MSPATHS_20220202_DICOM_site275_888MS005_bundle001.zip,MSPATHS_20220202_MASK_site275_888MS005_bundle001.zip,Y,0.9789,PASS,Artifact_Flow,Y,-0.0691,PASS,None
100064555,275,2022-07-16,16,2023-01-24,,,Y,2.4605,PASS,None,Y,2.1529,PASS,None
500003672,326,2019-09-11,10,2019-12-09,MSPATHS_20191209_DICOM_site326_888MS005_bundle001.zip,MSPATHS_20191209_MASK_site326_888MS005_bundle001.zip,Y,-1.0622,PASS,Artifact_Flow,Y,0.0095,PASS,None
100028177,275,2019-12-23,11,2020-03-02,MSPATHS_20200302_DICOM_site275_888MS005_bundle001.zip,MSPATHS_20200302_MASK_site275_888MS005_bundle001.zip,Y,-1.3781,PASS,Artifact_Flow,Y,-1.274,PASS,Artifact_Motion
100055814,235,2019-05-18,9,2019-08-12,MSPATHS_20190812_DICOM_site235_888MS005_bundle001.zip,,Y,-2.9507,PASS,None,Y,-1.5224,PASS,Artifact_Motion
100056480,235,2019-06-03,9,2019-08-12,MSPATHS_20190812_DICOM_site235_888MS005_bundle001.zip,MSPATHS_20190812_MASK_site235_888MS005_bundle001.zip,Y,-1.9252,PASS,Artifact_Flow,Y,-0.8649,PASS,None
500003752,326,2021-09-08,15,2022-02-02,MSPATHS_20220202_DICOM_site326_888MS005_bundle001.zip,,N,,,,Y,,PASS,None
500003817,396,2022-09-02,16,2023-01-24,,,Y,-3.1046,PASS,Artifact_Motion,Y,0.4288,PASS,None
100045664,235,2018-11-08,8,2019-03-25,MSPATHS_20190325_DICOM_site235_888MS005_bundle001.zip,MSPATHS_20190325_MASK_site235_888MS005_bundle001.zip,Y,0.969,PASS,Artifact_Flow,Y,1.2523,PASS,None
100055227,295,2019-05-05,9,2019-08-12,MSPATHS_20190812_DICOM_site295_888MS005_bundle001.zip,,Y,2.3411,PASS,Artifact_Flow,Y,1.8241,PASS,None
100048768,275,2021-06-14,15,2022-02-02,MSPATHS_20220202_DICOM_site275_888MS005_bundle001.zip,MSPATHS_20220202_MASK_site275_888MS005_bundle001.zip,Y,-1.7563,PASS,None,Y,-0.8011,PASS,None
500012765,326,2021-09-08,15,2022-02-02,MSPATHS_20220202_DICOM_site326_888MS005_bundle001.zip,,N,,,,Y,,PASS,None
100039017,295,2021-11-26,16,2023-01-24,,,Y,-0.4874,PASS,Artifact_Flow,Y,-0.2176,PASS,None
500003714,326,2020-10-14,13,2021-02-23,MSPATHS_20210223_DICOM_site326_888MS005_bundle001.zip,MSPATHS_20210223_MASK_site326_888MS005_bundle001.zip,Y,1.6831,PASS,Artifact_Flow,Y,-1.3574,PASS,None
100051830,235,2021-03-27,14,2021-07-12,MSPATHS_20210712_DICOM_site235_888MS005_bundle001.zip,MSPATHS_20210712_MASK_site235_888MS005_bundle001.zip,Y,-2.5741,PASS,None,Y,-3.248,PASS,None
100044887,295,2021-01-30,14,2021-07-12,MSPATHS_20210712_DICOM_site295_888MS005_bundle001.zip,,Y,0.7412,PASS,None,Y,-0.6935,PASS,None
100046159,295,2018-10-18,8,2019-03-25,MSPATHS_20190325_DICOM_site295_888MS005_bundle001.zip,MSPATHS_20190325_MASK_site295_888MS005_bundle001.zip,Y,4.0491,PASS,Artifact_Flow,Y,3.0095,PASS,None
500003666,326,2020-10-14,13,2021-02-23,MSPATHS_20210223_DICOM_site326_888MS005_bundle001.zip,MSPATHS_20210223_MASK_site326_888MS005_bundle001.zip,Y,-0.9119,PASS,None,Y,-1.0123,PASS,None
100057209,295,2021-09-25,15,2022-02-02,MSPATHS_20220202_DICOM_site295_888MS005_bundle001.zip,MSPATHS_20220202_MASK_site295_888MS005_bundle001.zip,Y,,PASS,None,Y,,PASS,None
100060770,295,2022-04-24,16,2023-01-24,,,Y,-0.8948,PASS,None,Y,-1.8527,PASS,None:None
100039459,215,2018-06-30,8,2019-03-25,MSPATHS_20190325_DICOM_site215_888MS005_bundle001.zip,MSPATHS_20190325_MASK_site215_888MS005_bundle001.zip,Y,0.9615,PASS,None,Y,-0.5935,PASS,SNR_Low
100040452,275,2018-07-02,8,2019-03-25,MSPATHS_20190325_DICOM_site275_888MS005_bundle001.zip,MSPATHS_20190325_MASK_site275_888MS005_bundle001.zip,Y,1.98,PASS,Artifact_Flow,Y,1.3157,PASS,None
100042701,235,2020-11-13,13,2021-02-23,MSPATHS_20210223_DICOM_site235_888MS005_bundle001.zip,MSPATHS_20210223_MASK_site235_888MS005_bundle001.zip,Y,-0.8325,PASS,Artifact_Flow,Y,-1.4514,PASS,Intensity_Nonuniform
100046458,295,2018-10-22,8,2019-03-25,MSPATHS_20190325_DICOM_site295_888MS005_bundle001.zip,MSPATHS_20190325_MASK_site295_888MS005_bundle001.zip,Y,0.8814,PASS,Artifact_Flow,Y,-0.4429,PASS,None
100047366,275,2019-11-08,11,2020-03-02,MSPATHS_20200302_DICOM_site275_888MS005_bundle001.zip,MSPATHS_20200302_MASK_site275_888MS005_bundle001.zip,Y,0.7291,PASS,Artifact_Flow,Y,-0.0126,PASS,None
500003818,396,2020-02-07,12,2020-07-13,MSPATHS_20200713_DICOM_site396_888MS005_bundle001.zip,MSPATHS_20200713_MASK_site396_888MS005_bundle001.zip,Y,0.2215,PASS,Intensity_Nonuniform,Y,2.6012,PASS,None
100035901,295,2020-10-16,14,2021-07-12,MSPATHS_20210712_DICOM_site295_888MS005_bundle001.zip,,Y,-2.9034,PASS,Artifact_Flow,Y,-2.6243,PASS,None
500003714,326,2019-10-16,11,2020-03-02,MSPATHS_20200302_DICOM_site326_888MS005_bundle001.zip,MSPATHS_20200302_MASK_site326_888MS005_bundle001.zip,Y,1.3419,PASS,Artifact_Flow,Y,-1.325,PASS,None
500003720,326,2020-10-14,13,2021-02-23,MSPATHS_20210223_DICOM_site326_888MS005_bundle001.zip,MSPATHS_20210223_MASK_site326_888MS005_bundle001.zip,Y,1.265,PASS,Artifact_Flow,Y,-1.9021,PASS,None
100046159,295,2021-05-03,14,2021-07-12,MSPATHS_20210712_DICOM_site295_888MS005_bundle001.zip,MSPATHS_20210712_MASK_site295_888MS005_bundle001.zip,Y,-1.3947,PASS,None,Y,0.2683,PASS,None
500003743,396,2021-08-28,15,2022-02-02,MSPATHS_20220202_DICOM_site396_888MS005_bundle001.zip,MSPATHS_20220202_MASK_site396_888MS005_bundle001.zip,Y,,PASS,None,Y,,PASS,None
100042201,235,2020-10-02,13,2021-02-23,MSPATHS_20210223_DICOM_site235_888MS005_bundle001.zip,MSPATHS_20210223_MASK_site235_888MS005_bundle001.zip,Y,-0.0808,PASS,None,Y,1.4865,PASS,None
100059620,275,2022-05-19,16,2023-01-24,,,Y,-0.3056,PASS,None,Y,-0.9745,PASS,None
100038344,275,2018-05-25,8,2019-03-25,MSPATHS_20190325_DICOM_site275_888MS005_bundle001.zip,,Y,,PASS,Artifact_Flow,Y,,PASS,None
100040490,295,2021-05-13,14,2021-07-12,MSPATHS_20210712_DICOM_site295_888MS005_bundle001.zip,MSPATHS_20210712_MASK_site295_888MS005_bundle001.zip,Y,0.4617,PASS,None,Y,-1.3101,PASS,None
100055784,295,2022-02-06,16,2023-01-24,,,Y,0.7094,PASS,Artifact_Flow,Y,-1.0525,PASS,None
100036531,295,2018-04-21,8,2019-03-25,MSPATHS_20190325_DICOM_site295_888MS005_bundle001.zip,MSPATHS_20190325_MASK_site295_888MS005_bundle001.zip,Y,1.0084,PASS,Artifact_Flow,Y,-2.8788,PASS,None
100063639,215,2019-11-24,11,2020-03-02,MSPATHS_20200302_DICOM_site215_888MS005_bundle001.zip,MSPATHS_20200302_MASK_site215_888MS005_bundle001.zip,Y,0.8213,PASS,None,Y,1.4485,PASS,None
100049631,295,2019-01-03,8,2019-03-25,MSPATHS_20190325_DICOM_site295_888MS005_bundle001.zip,MSPATHS_20190325_MASK_site295_888MS005_bundle001.zip,Y,0.8075,PASS,Artifact_Flow,Y,1.237,PASS,None
100055784,295,2019-05-18,9,2019-08-12,MSPATHS_20190812_DICOM_site295_888MS005_bundle001.zip,MSPATHS_20190812_MASK_site295_888MS005_bundle001.zip,Y,0.8214,PASS,Artifact_Flow,Y,-1.356,PASS,None
500003669,326,2020-10-28,13,2021-02-23,MSPATHS_20210223_DICOM_site326_888MS005_bundle001.zip,MSPATHS_20210223_MASK_site326_888MS005_bundle001.zip,Y,-0.7584,PASS,None,Y,-1.1211,PASS,None
100040678,295,2018-07-06,8,2019-03-25,MSPATHS_20190325_DICOM_site295_888MS005_bundle001.zip,MSPATHS_20190325_MASK_site295_888MS005_bundle001.zip,Y,0.2871,PASS,Artifact_Flow,Y,-2.1465,PASS,None
100057464,235,2021-07-22,15,2022-02-02,MSPATHS_20220202_DICOM_site235_888MS005_bundle001.zip,MSPATHS_20220202_MASK_site235_888MS005_bundle001.zip,Y,0.8749,PASS,Artifact_Flow,Y,-0.1936,PASS,None
100045697,275,2018-10-11,8,2019-03-25,MSPATHS_20190325_DICOM_site275_888MS005_bundle001.zip,MSPATHS_20190325_MASK_site275_888MS005_bundle001.zip,Y,-1.2935,PASS,Artifact_Flow:Artifact_Motion,Y,1.6816,PASS,None
100053830,295,2019-04-01,9,2019-08-12,MSPATHS_20190812_DICOM_site295_888MS005_bundle001.zip,MSPATHS_20190812_MASK_site295_888MS005_bundle001.zip,Y,0.845,PASS,Artifact_Flow,Y,-0.0403,PASS,None
100045308,275,2018-10-04,8,2019-03-25,MSPATHS_20190325_DICOM_site275_888MS005_bundle001.zip,MSPATHS_20190325_MASK_site275_888MS005_bundle001.zip,Y,-1.3782,PASS,Artifact_Flow,Y,-0.6991,PASS,Artifact_Motion
100046159,295,2019-10-17,10,2019-12-09,MSPATHS_20191209_DICOM_site295_888MS005_bundle001.zip,MSPATHS_20191209_MASK_site295_888MS005_bundle001.zip,Y,2.6626,PASS,Artifact_Flow,Y,2.0055,PASS,None
500003754,326,2019-11-06,11,2020-03-02,MSPATHS_20200302_DICOM_site326_888MS005_bundle001.zip,MSPATHS_20200302_MASK_site326_888MS005_bundle001.zip,Y,-0.9289,PASS,None,Y,-0.2631,PASS,None
500003667,326,2020-10-28,13,2021-02-23,MSPATHS_20210223_DICOM_site326_888MS005_bundle001.zip,MSPATHS_20210223_MASK_site326_888MS005_bundle001.zip,Y,-1.1596,PASS,Artifact_Flow,Y,-0.4262,PASS,None
100046801,295,2022-05-13,16,2023-01-24,,,Y,-4.3581,PASS,Artifact_Aliasing,Y,-0.1174,PASS,None
500003670,326,2022-03-30,16,2023-01-24,,,N,,,,Y,,PASS,None
500003862,396,2022-09-24,16,2023-01-24,,,Y,-1.2567,PASS,None,Y,-0.0587,PASS,None
500003735,326,2021-10-13,16,2023-01-24,,,N,,,,Y,,PASS,None
500003710,326,2019-10-16,11,2020-03-02,MSPATHS_20200302_DICOM_site326_888MS005_bundle001.zip,MSPATHS_20200302_MASK_site326_888MS005_bundle001.zip,Y,0.7531,PASS,Artifact_Flow,Y,-1.0997,PASS,None
100047108,295,2021-02-07,14,2021-07-12,MSPATHS_20210712_DICOM_site295_888MS005_bundle001.zip,MSPATHS_20210712_MASK_site295_888MS005_bundle001.zip,Y,-0.3541,PASS,Artifact_Flow,Y,1.7603,PASS,None
100055227,295,2021-04-01,14,2021-07-12,MSPATHS_20210712_DICOM_site295_888MS005_bundle001.zip,,Y,-2.3179,PASS,None,Y,-1.7888,PASS,None
500012787,326,2021-09-22,15,2022-02-02,MSPATHS_20220202_DICOM_site326_888MS005_bundle002.zip,,N,,,,Y,,PASS,None
100029810,275,2018-02-12,8,2019-03-25,MSPATHS_20190325_DICOM_site275_888MS005_bundle001.zip,MSPATHS_20190325_MASK_site275_888MS005_bundle001.zip,Y,2.0505,PASS,Artifact_Flow,Y,-0.5399,PASS,None
500003666,326,2021-09-22,15,2022-02-02,MSPATHS_20220202_DICOM_site326_888MS005_bundle001.zip,,N,,,,Y,,PASS,None
500003670,326,2021-10-13,15,2022-02-02,MSPATHS_20220202_DICOM_site326_888MS005_bundle001.zip,,N,,,,Y,,PASS,None
100027750,275,2018-01-13,8,2019-03-25,MSPATHS_20190325_DICOM_site275_888MS005_bundle001.zip,MSPATHS_20190325_MASK_site275_888MS005_bundle001.zip,Y,-0.1016,PASS,Artifact_Flow,Y,2.4951,PASS,None
100038631,295,2018-05-28,8,2019-03-25,MSPATHS_20190325_DICOM_site295_888MS005_bundle001.zip,MSPATHS_20190325_MASK_site295_888MS005_bundle001.zip,Y,1.3321,PASS,Artifact_Flow,Y,-0.7853,PASS,None
500003712,326,2020-09-30,13,2021-02-23,MSPATHS_20210223_DICOM_site326_888MS005_bundle001.zip,MSPATHS_20210223_MASK_site326_888MS005_bundle001.zip,Y,0.3526,PASS,Artifact_Flow,Y,-0.7407,PASS,None
500003668,326,2021-09-29,15,2022-02-02,MSPATHS_20220202_DICOM_site326_888MS005_bundle001.zip,,N,,,,Y,,PASS,None
500003817,396,2021-07-12,15,2022-02-02,MSPATHS_20220202_DICOM_site396_888MS005_bundle001.zip,MSPATHS_20220202_MASK_site396_888MS005_bundle001.zip,Y,-2.8096,PASS,None,Y,0.7318,PASS,None
100044853,295,2018-09-23,8,2019-03-25,MSPATHS_20190325_DICOM_site295_888MS005_bundle001.zip,MSPATHS_20190325_MASK_site295_888MS005_bundle001.zip,Y,0.5737,PASS,Artifact_Flow,Y,1.6736,PASS,None
100036531,295,2019-04-15,9,2019-08-12,MSPATHS_20190812_DICOM_site295_888MS005_bundle001.zip,MSPATHS_20190812_MASK_site295_888MS005_bundle001.zip,Y,0.6477,PASS,Artifact_Flow,Y,-2.2396,PASS,None
500003739,326,2019-10-30,11,2020-03-02,MSPATHS_20200302_DICOM_site326_888MS005_bundle001.zip,MSPATHS_20200302_MASK_site326_888MS005_bundle001.zip,Y,-0.5535,PASS,Artifact_Flow,Y,0.0542,PASS,None
100065514,295,2020-01-16,12,2020-07-13,MSPATHS_20200713_DICOM_site295_888MS005_bundle001.zip,MSPATHS_20200713_MASK_site295_888MS005_bundle001.zip,Y,-0.2054,PASS,Artifact_Flow,Y,1.2848,PASS,None
500003745,396,2021-07-26,15,2022-02-02,MSPATHS_20220202_DICOM_site396_888MS005_bundle001.zip,MSPATHS_20220202_MASK_site396_888MS005_bundle001.zip,Y,-0.179,PASS,Artifact_Flow,Y,1.9468,PASS,Artifact_Motion
100046425,295,2021-12-30,16,2023-01-24,,,Y,0.473,PASS,Other,Y,-1.177,PASS,Other
100036598,215,2018-06-02,8,2019-03-25,MSPATHS_20190325_DICOM_site215_888MS005_bundle001.zip,MSPATHS_20190325_MASK_site215_888MS005_bundle001.zip,Y,-1.5688,PASS,Artifact_Motion,Y,-2.5319,PASS,SNR_Low
100056985,235,2020-09-18,13,2021-02-23,MSPATHS_20210223_DICOM_site235_888MS005_bundle001.zip,MSPATHS_20210223_MASK_site235_888MS005_bundle001.zip,Y,-2.0666,PASS,Artifact_Motion,Y,-1.6596,PASS,Artifact_Motion
100045697,275,2019-10-19,10,2019-12-09,MSPATHS_20191209_DICOM_site275_888MS005_bundle001.zip,MSPATHS_20191209_MASK_site275_888MS005_bundle001.zip,Y,-2.0023,PASS,Artifact_Flow,Y,-0.9253,PASS,Artifact_Motion
100027864,275,2019-12-28,12,2020-07-13,MSPATHS_20200713_DICOM_site275_888MS005_bundle001.zip,MSPATHS_20200713_MASK_site275_888MS005_bundle001.zip,Y,2.3752,PASS,Artifact_Flow,Y,1.4477,PASS,None
100042568,275,2021-07-16,15,2022-02-02,MSPATHS_20220202_DICOM_site275_888MS005_bundle001.zip,MSPATHS_20220202_MASK_site275_888MS005_bundle001.zip,Y,1.0164,PASS,Artifact_Flow:Other,Y,1.9584,PASS,None
100035306,235,2018-04-29,8,2019-03-25,MSPATHS_20190325_DICOM_site235_888MS005_bundle001.zip,MSPATHS_20190325_MASK_site235_888MS005_bundle001.zip,Y,-1.6427,PASS,Artifact_Motion,Y,1.2854,PASS,None
500003713,326,2020-10-14,13,2021-02-23,MSPATHS_20210223_DICOM_site326_888MS005_bundle001.zip,MSPATHS_20210223_MASK_site326_888MS005_bundle001.zip,Y,,PASS,Artifact_Flow,Y,,PASS,None
500012786,326,2020-10-28,13,2021-02-23,MSPATHS_20210223_DICOM_site326_888MS005_bundle002.zip,MSPATHS_20210223_MASK_site326_888MS005_bundle002.zip,Y,-1.5553,PASS,Artifact_Flow,Y,-1.9492,PASS,None
100062401,295,2022-03-26,16,2023-01-24,,,Y,-3.9351,PASS,Intensity_Nonuniform,Y,-0.7084,PASS,None
100044971,235,2018-09-27,8,2019-03-25,MSPATHS_20190325_DICOM_site235_888MS005_bundle001.zip,MSPATHS_20190325_MASK_site235_888MS005_bundle001.zip,Y,0.3902,PASS,Parameters_OutOfRange:Artifact_Flow,Y,-2.0809,PASS,None
100038576,275,2018-06-10,8,2019-03-25,MSPATHS_20190325_DICOM_site275_888MS005_bundle001.zip,MSPATHS_20190325_MASK_site275_888MS005_bundle001.zip,Y,-0.4652,PASS,Artifact_Flow,Y,-0.2688,PASS,None
100064044,235,2019-12-12,11,2020-03-02,MSPATHS_20200302_DICOM_site235_888MS005_bundle001.zip,MSPATHS_20200302_MASK_site235_888MS005_bundle001.zip,Y,1.2174,PASS,None,Y,0.9606,PASS,None
100045259,235,2021-01-04,13,2021-02-23,MSPATHS_20210223_DICOM_site235_888MS005_bundle001.zip,,Y,-1.7541,PASS,Artifact_Flow,Y,1.2345,PASS,Artifact_Motion
100040452,275,2019-07-22,10,2019-12-09,MSPATHS_20191209_DICOM_site275_888MS005_bundle001.zip,MSPATHS_20191209_MASK_site275_888MS005_bundle001.zip,Y,1.187,PASS,Artifact_Flow,Y,1.3299,PASS,None
100057041,295,2021-07-23,15,2022-02-02,MSPATHS_20220202_DICOM_site295_888MS005_bundle001.zip,MSPATHS_20220202_MASK_site295_888MS005_bundle001.zip,Y,1.5506,PASS,None,Y,2.0142,PASS,None
100044590,295,2018-12-23,8,2019-03-25,MSPATHS_20190325_DICOM_site295_888MS005_bundle001.zip,MSPATHS_20190325_MASK_site295_888MS005_bundle001.zip,Y,0.3822,PASS,Artifact_Flow,Y,-0.5024,PASS,None
500003711,326,2019-10-16,11,2020-03-02,MSPATHS_20200302_DICOM_site326_888MS005_bundle001.zip,,Y,-1.8785,PASS,Artifact_Flow,Y,-1.4701,PASS,None
500003668,326,2020-09-09,13,2021-02-23,MSPATHS_20210223_DICOM_site326_888MS005_bundle001.zip,MSPATHS_20210223_MASK_site326_888MS005_bundle001.zip,Y,-1.1709,PASS,Artifact_Flow,Y,-1.0865,PASS,None
100050457,275,2021-08-08,15,2022-02-02,MSPATHS_20220202_DICOM_site275_888MS005_bundle001.zip,MSPATHS_20220202_MASK_site275_888MS005_bundle001.zip,Y,,PASS,None,Y,,PASS,None
100040490,295,2018-07-02,8,2019-03-25,MSPATHS_20190325_DICOM_site295_888MS005_bundle001.zip,MSPATHS_20190325_MASK_site295_888MS005_bundle001.zip,Y,0.5599,PASS,Artifact_Flow,Y,0.8153,PASS,None
500003738,326,2021-09-29,15,2022-02-02,MSPATHS_20220202_DICOM_site326_888MS005_bundle001.zip,,N,,,,Y,,PASS,None
500003755,326,2021-09-22,15,2022-02-02,MSPATHS_20220202_DICOM_site326_888MS005_bundle001.zip,,N,,,,Y,,PASS,None
500003829,396,2021-07-04,15,2022-02-02,MSPATHS_20220202_DICOM_site396_888MS005_bundle001.zip,MSPATHS_20220202_MASK_site396_888MS005_bundle001.zip,Y,-1.2131,PASS,Artifact_Flow,Y,0.4438,PASS,None
500003722,326,2022-03-30,16,2023-01-24,,,N,,,,Y,,PASS,None
100047977,275,2018-11-23,8,2019-03-25,MSPATHS_20190325_DICOM_site275_888MS005_bundle001.zip,MSPATHS_20190325_MASK_site275_888MS005_bundle001.zip,Y,1.0234,PASS,Artifact_Flow,Y,2.2293,PASS,None
100044547,235,2019-09-14,10,2019-12-09,MSPATHS_20191209_DICOM_site235_888MS005_bundle001.zip,MSPATHS_20191209_MASK_site235_888MS005_bundle001.zip,Y,0.6849,PASS,Artifact_Flow,Y,1.6666,PASS,None
500003712,326,2019-10-16,11,2020-03-02,MSPATHS_20200302_DICOM_site326_888MS005_bundle001.zip,MSPATHS_20200302_MASK_site326_888MS005_bundle001.zip,Y,-0.9163,PASS,Artifact_Flow,Y,-0.656,PASS,None
500003717,326,2020-10-21,13,2021-02-23,MSPATHS_20210223_DICOM_site326_888MS005_bundle001.zip,MSPATHS_20210223_MASK_site326_888MS005_bundle001.zip,Y,,PASS,SNR_Low,Y,,PASS,Artifact_Metal
100046956,275,2021-07-25,15,2022-02-02,MSPATHS_20220202_DICOM_site275_888MS005_bundle001.zip,,Y,-2.4249,PASS,Artifact_Motion:SNR_Low,Y,-1.1987,PASS,Artifact_Motion:SNR_Low
100049348,235,2019-01-20,8,2019-03-25,MSPATHS_20190325_DICOM_site235_888MS005_bundle001.zip,MSPATHS_20190325_MASK_site235_888MS005_bundle001.zip,Y,-0.2298,PASS,Artifact_Flow,Y,2.3937,PASS,None
100050662,275,2020-02-01,12,2020-07-13,MSPATHS_20200713_DICOM_site275_888MS005_bundle001.zip,MSPATHS_20200713_MASK_site275_888MS005_bundle001.zip,Y,0.6465,PASS,None,Y,0.3592,PASS,None
100063607,235,2022-01-02,16,2023-01-24,,,Y,-0.3106,PASS,Artifact_Flow:Artifact_Flow,Y,1.0974,PASS,None:None
500003717,326,2022-03-30,16,2023-01-24,,,N,,,,Y,,PASS,None
100039830,215,2018-07-29,8,2019-03-25,MSPATHS_20190325_DICOM_site215_888MS005_bundle001.zip,MSPATHS_20190325_MASK_site215_888MS005_bundle001.zip,Y,0.4379,PASS,Artifact_Aliasing,Y,-3.2566,PASS,Artifact_Aliasing:SNR_Low
100028177,275,2018-12-24,8,2019-03-25,MSPATHS_20190325_DICOM_site275_888MS005_bundle001.zip,MSPATHS_20190325_MASK_site275_888MS005_bundle001.zip,Y,0.8125,PASS,Artifact_Flow,Y,1.257,PASS,None
100059990,295,2019-08-25,10,2019-12-09,MSPATHS_20191209_DICOM_site295_888MS005_bundle001.zip,MSPATHS_20191209_MASK_site295_888MS005_bundle001.zip,Y,2.4841,PASS,Artifact_Flow,Y,0.7668,PASS,Artifact_Motion
500003715,326,2020-10-14,13,2021-02-23,MSPATHS_20210223_DICOM_site326_888MS005_bundle001.zip,MSPATHS_20210223_MASK_site326_888MS005_bundle001.zip,Y,-0.1502,PASS,Artifact_Flow,Y,-0.0883,PASS,None
100057658,235,2020-09-25,13,2021-02-23,MSPATHS_20210223_DICOM_site235_888MS005_bundle001.zip,MSPATHS_20210223_MASK_site235_888MS005_bundle001.zip,Y,-0.055,PASS,None,Y,-0.0342,PASS,None
500003745,396,2019-11-25,11,2020-03-02,MSPATHS_20200302_DICOM_site396_888MS005_bundle001.zip,MSPATHS_20200302_MASK_site396_888MS005_bundle001.zip,Y,-0.0308,PASS,Intensity_Nonuniform:Artifact_Flow,Y,0.3338,PASS,None
100035441,275,2021-09-24,16,2023-01-24,,,Y,1.8125,PASS,Artifact_Flow,Y,1.8177,PASS,None
100039017,295,2019-06-24,9,2019-08-12,MSPATHS_20190812_DICOM_site295_888MS005_bundle001.zip,MSPATHS_20190812_MASK_site295_888MS005_bundle001.zip,Y,-3.3134,PASS,None,Y,-0.2443,PASS,None
500003873,396,2020-02-14,12,2020-07-13,MSPATHS_20200713_DICOM_site396_888MS005_bundle001.zip,MSPATHS_20200713_MASK_site396_888MS005_bundle001.zip,Y,-1.0982,PASS,Artifact_Flow:Intensity_Nonuniform,Y,-0.8106,PASS,None
100055332,295,2019-05-09,9,2019-08-12,MSPATHS_20190812_DICOM_site295_888MS005_bundle001.zip,MSPATHS_20190812_MASK_site295_888MS005_bundle001.zip,Y,0.944,PASS,Artifact_Flow,Y,0.7839,PASS,Artifact_Motion
100050921,275,2020-01-25,12,2020-07-13,MSPATHS_20200713_DICOM_site275_888MS005_bundle001.zip,MSPATHS_20200713_MASK_site275_888MS005_bundle001.zip,Y,0.2591,PASS,None,Y,1.3183,PASS,None
500003750,326,2020-10-14,13,2021-02-23,MSPATHS_20210223_DICOM_site326_888MS005_bundle001.zip,MSPATHS_20210223_MASK_site326_888MS005_bundle001.zip,Y,-0.0429,PASS,Artifact_Flow,Y,-0.1969,PASS,None
100036531,295,2021-01-09,14,2021-07-12,MSPATHS_20210712_DICOM_site295_888MS005_bundle001.zip,MSPATHS_20210712_MASK_site295_888MS005_bundle001.zip,Y,2.3349,PASS,Artifact_Flow,Y,1.6262,PASS,None
100031307,275,2018-02-17,8,2019-03-25,MSPATHS_20190325_DICOM_site275_888MS005_bundle001.zip,MSPATHS_20190325_MASK_site275_888MS005_bundle001.zip,Y,0.7008,PASS,Artifact_Flow,Y,0.7104,PASS,None
100058423,275,2021-05-27,15,2022-02-02,MSPATHS_20220202_DICOM_site275_888MS005_bundle001.zip,MSPATHS_20220202_MASK_site275_888MS005_bundle001.zip,Y,-1.907,PASS,Artifact_Motion,Y,-0.1785,PASS,Artifact_Motion
100051507,275,2019-02-10,8,2019-03-25,MSPATHS_20190325_DICOM_site275_888MS005_bundle002.zip,MSPATHS_20190325_MASK_site275_888MS005_bundle002.zip,Y,2.1837,PASS,Artifact_Flow,Y,2.9424,PASS,None
100049929,295,2019-01-07,8,2019-03-25,MSPATHS_20190325_DICOM_site295_888MS005_bundle001.zip,MSPATHS_20190325_MASK_site295_888MS005_bundle001.zip,Y,3.0626,PASS,Artifact_Flow,Y,1.625,PASS,None
100063607,235,2019-11-21,11,2020-03-02,MSPATHS_20200302_DICOM_site235_888MS005_bundle001.zip,MSPATHS_20200302_MASK_site235_888MS005_bundle001.zip,Y,2.0286,PASS,Artifact_Flow,Y,-1.1075,PASS,SNR_Low
100030198,275,2020-01-12,11,2020-03-02,MSPATHS_20200302_DICOM_site275_888MS005_bundle001.zip,,Y,,PASS,None,Y,,PASS,None
500003725,326,2020-10-21,13,2021-02-23,MSPATHS_20210223_DICOM_site326_888MS005_bundle001.zip,,Y,-0.9127,PASS,Artifact_Flow,Y,-0.7491,PASS,None
100055784,295,2021-05-31,15,2022-02-02,MSPATHS_20220202_DICOM_site295_888MS005_bundle001.zip,MSPATHS_20220202_MASK_site295_888MS005_bundle001.zip,Y,1.4584,PASS,Artifact_Flow,Y,0.8287,PASS,None
100035307,235,2018-04-19,8,2019-03-25,MSPATHS_20190325_DICOM_site235_888MS005_bundle001.zip,MSPATHS_20190325_MASK_site235_888MS005_bundle001.zip,Y,2.8364,PASS,Artifact_Flow,Y,1.6205,PASS,None
100036709,295,2019-04-18,9,2019-08-12,MSPATHS_20190812_DICOM_site295_888MS005_bundle001.zip,MSPATHS_20190812_MASK_site295_888MS005_bundle001.zip,Y,-0.5152,PASS,Artifact_Flow,Y,-3.2721,PASS,None
500003749,396,2019-11-24,11,2020-03-02,MSPATHS_20200302_DICOM_site396_888MS005_bundle001.zip,MSPATHS_20200302_MASK_site396_888MS005_bundle001.zip,Y,-2.859,PASS,Intensity_Nonuniform,Y,2.4237,PASS,None
500003829,396,2022-09-16,16,2023-01-24,,,Y,-1.2373,PASS,None,Y,0.1332,PASS,None
100039459,215,2019-08-15,10,2019-12-09,MSPATHS_20191209_DICOM_site215_888MS005_bundle001.zip,MSPATHS_20191209_MASK_site215_888MS005_bundle001.zip,Y,1.5904,PASS,None,Y,-0.5556,PASS,None
100045308,275,2019-10-06,10,2019-12-09,MSPATHS_20191209_DICOM_site275_888MS005_bundle001.zip,MSPATHS_20191209_MASK_site275_888MS005_bundle001.zip,Y,-1.2095,PASS,Artifact_Flow:Artifact_Motion,Y,-0.578,PASS,Artifact_Motion
500003742,326,2019-10-30,11,2020-03-02,MSPATHS_20200302_DICOM_site326_888MS005_bundle001.zip,MSPATHS_20200302_MASK_site326_888MS005_bundle001.zip,Y,-1.8462,PASS,Artifact_Flow:Artifact_Aliasing,Y,-0.9867,PASS,Artifact_Aliasing
500003671,326,2020-10-21,13,2021-02-23,MSPATHS_20210223_DICOM_site326_888MS005_bundle001.zip,MSPATHS_20210223_MASK_site326_888MS005_bundle001.zip,Y,0.1169,PASS,None,Y,-1.0099,PASS,None
100040675,215,2018-07-20,8,2019-03-25,MSPATHS_20190325_DICOM_site215_888MS005_bundle001.zip,MSPATHS_20190325_MASK_site215_888MS005_bundle001.zip,Y,-0.8951,PASS,Artifact_Motion,Y,-2.0832,PASS,SNR_Low
500003650,326,2019-10-09,11,2020-03-02,MSPATHS_20200302_DICOM_site326_888MS005_bundle001.zip,MSPATHS_20200302_MASK_site326_888MS005_bundle001.zip,Y,-1.4162,PASS,Artifact_Flow,Y,-0.9817,PASS,Artifact_Motion
100065441,295,2020-01-12,12,2020-07-13,MSPATHS_20200713_DICOM_site295_888MS005_bundle001.zip,MSPATHS_20200713_MASK_site295_888MS005_bundle001.zip,Y,0.3618,PASS,None,Y,-0.9525,PASS,None
100066629,295,2020-02-08,12,2020-07-13,MSPATHS_20200713_DICOM_site295_888MS005_bundle001.zip,MSPATHS_20200713_MASK_site295_888MS005_bundle001.zip,Y,-0.0206,PASS,Artifact_Flow,Y,-1.7124,PASS,SNR_Low
500003754,326,2020-10-14,13,2021-02-23,MSPATHS_20210223_DICOM_site326_888MS005_bundle001.zip,MSPATHS_20210223_MASK_site326_888MS005_bundle001.zip,Y,-0.586,PASS,Artifact_Flow,Y,0.4886,PASS,None
100040685,215,2018-07-21,8,2019-03-25,MSPATHS_20190325_DICOM_site215_888MS005_bundle001.zip,MSPATHS_20190325_MASK_site215_888MS005_bundle001.zip,Y,-0.8522,PASS,Artifact_Flow,Y,-1.3765,PASS,SNR_Low
100049235,275,2018-12-24,8,2019-03-25,MSPATHS_20190325_DICOM_site275_888MS005_bundle001.zip,MSPATHS_20190325_MASK_site275_888MS005_bundle001.zip,Y,0.3477,PASS,Artifact_Flow,Y,1.3775,PASS,None
100038959,295,2020-09-07,14,2021-07-12,MSPATHS_20210712_DICOM_site295_888MS005_bundle001.zip,,Y,,PASS,Artifact_Flow,Y,,PASS,Other
100031014,275,2021-09-12,15,2022-02-02,MSPATHS_20220202_DICOM_site275_888MS005_bundle001.zip,MSPATHS_20220202_MASK_site275_888MS005_bundle001.zip,Y,-1.6323,PASS,Artifact_Flow,Y,0.6768,PASS,None
500003810,396,2022-09-22,16,2023-01-24,,,Y,-0.5447,PASS,Artifact_Aliasing,Y,-5.209,PASS,Artifact_Motion
500003715,326,2019-10-16,11,2020-03-02,MSPATHS_20200302_DICOM_site326_888MS005_bundle001.zip,MSPATHS_20200302_MASK_site326_888MS005_bundle001.zip,Y,-0.6183,PASS,Artifact_Flow,Y,-0.2378,PASS,Artifact_Motion
100057658,235,2021-07-30,15,2022-02-02,MSPATHS_20220202_DICOM_site235_888MS005_bundle001.zip,MSPATHS_20220202_MASK_site235_888MS005_bundle001.zip,Y,0.1658,PASS,None,Y,0.7807,PASS,None
500003937,396,2021-03-19,15,2022-02-02,MSPATHS_20220202_DICOM_site396_888MS005_bundle001.zip,MSPATHS_20220202_MASK_site396_888MS005_bundle001.zip,Y,1.856,PASS,None,Y,1.2603,PASS,None
100046433,235,2019-10-31,11,2020-03-02,MSPATHS_20200302_DICOM_site235_888MS005_bundle001.zip,MSPATHS_20200302_MASK_site235_888MS005_bundle001.zip,Y,0.6034,PASS,Artifact_Flow,Y,-1.6905,PASS,None
100053760,235,2020-08-23,13,2021-02-23,MSPATHS_20210223_DICOM_site235_888MS005_bundle001.zip,MSPATHS_20210223_MASK_site235_888MS005_bundle001.zip,Y,0.7192,PASS,Artifact_Flow,Y,0.5996,PASS,None
100059396,275,2021-06-18,15,2022-02-02,MSPATHS_20220202_DICOM_site275_888MS005_bundle001.zip,MSPATHS_20220202_MASK_site275_888MS005_bundle001.zip,Y,0.4317,PASS,Artifact_Flow,Y,0.5068,PASS,None
100045626,295,2021-08-22,15,2022-02-02,MSPATHS_20220202_DICOM_site295_888MS005_bundle001.zip,,Y,-0.2954,PASS,None,Y,-1.2561,PASS,None
100046458,295,2021-11-22,16,2023-01-24,,,Y,1.8847,PASS,Artifact_Flow,Y,-1.2615,PASS,None
100037777,275,2018-05-13,8,2019-03-25,MSPATHS_20190325_DICOM_site275_888MS005_bundle001.zip,MSPATHS_20190325_MASK_site275_888MS005_bundle001.zip,Y,0.4745,PASS,Artifact_Flow,Y,1.1549,PASS,None
100054915,275,2019-04-26,9,2019-08-12,MSPATHS_20190812_DICOM_site275_888MS005_bundle001.zip,MSPATHS_20190812_MASK_site275_888MS005_bundle001.zip,Y,2.7035,PASS,Artifact_Flow,Y,0.6216,PASS,None
100056480,235,2021-07-03,15,2022-02-02,MSPATHS_20220202_DICOM_site235_888MS005_bundle001.zip,MSPATHS_20220202_MASK_site235_888MS005_bundle001.zip,Y,-0.9622,PASS,Artifact_Flow,Y,-1.1965,PASS,Artifact_Flow
100053452,235,2020-08-17,13,2021-02-23,MSPATHS_20210223_DICOM_site235_888MS005_bundle001.zip,MSPATHS_20210223_MASK_site235_888MS005_bundle001.zip,Y,1.5954,PASS,None,Y,1.8687,PASS,None
500003711,326,2020-09-09,13,2021-02-23,MSPATHS_20210223_DICOM_site326_888MS005_bundle001.zip,,Y,-3.4706,PASS,Artifact_Flow,Y,-2.8089,PASS,None
500003657,326,2021-10-20,15,2022-02-02,MSPATHS_20220202_DICOM_site326_888MS005_bundle001.zip,,N,,,,Y,,PASS,None
100046458,295,2019-10-28,11,2020-03-02,MSPATHS_20200302_DICOM_site295_888MS005_bundle001.zip,MSPATHS_20200302_MASK_site295_888MS005_bundle001.zip,Y,2.6564,PASS,Artifact_Flow,Y,0.9993,PASS,None
100050457,275,2020-01-25,12,2020-07-13,MSPATHS_20200713_DICOM_site275_888MS005_bundle001.zip,MSPATHS_20200713_MASK_site275_888MS005_bundle001.zip,Y,4.3853,PASS,None,Y,0.7484,PASS,None
100035307,235,2020-08-28,13,2021-02-23,MSPATHS_20210223_DICOM_site235_888MS005_bundle001.zip,MSPATHS_20210223_MASK_site235_888MS005_bundle001.zip,Y,0.5977,PASS,None,Y,0.5039,PASS,None
100040841,215,2019-10-05,10,2019-12-09,MSPATHS_20191209_DICOM_site215_888MS005_bundle001.zip,MSPATHS_20191209_MASK_site215_888MS005_bundle001.zip,Y,-0.7955,PASS,None,Y,-3.6833,PASS,None
100029810,275,2020-02-10,12,2020-07-13,MSPATHS_20200713_DICOM_site275_888MS005_bundle001.zip,MSPATHS_20200713_MASK_site275_888MS005_bundle001.zip,Y,1.1963,PASS,Artifact_Flow,Y,-0.2862,PASS,None
500003776,396,2020-02-14,12,2020-07-13,MSPATHS_20200713_DICOM_site396_888MS005_bundle001.zip,MSPATHS_20200713_MASK_site396_888MS005_bundle001.zip,Y,0.0717,PASS,Intensity_Nonuniform,Y,2.3774,PASS,None
100045626,295,2018-10-14,8,2019-03-25,MSPATHS_20190325_DICOM_site295_888MS005_bundle001.zip,MSPATHS_20190325_MASK_site295_888MS005_bundle001.zip,Y,-0.0399,PASS,Artifact_Flow,Y,-0.8664,PASS,None
500003753,326,2021-09-22,15,2022-02-02,MSPATHS_20220202_DICOM_site326_888MS005_bundle001.zip,,N,,,,Y,,PASS,None
100041915,215,2018-08-31,8,2019-03-25,MSPATHS_20190325_DICOM_site215_888MS005_bundle001.zip,MSPATHS_20190325_MASK_site215_888MS005_bundle001.zip,Y,2.1912,PASS,None,Y,-1.4476,PASS,None
100042102,215,2018-08-31,8,2019-03-25,MSPATHS_20190325_DICOM_site215_888MS005_bundle001.zip,MSPATHS_20190325_MASK_site215_888MS005_bundle001.zip,Y,2.795,PASS,None,Y,-2.7179,PASS,SNR_Low
100053760,235,2021-05-16,14,2021-07-12,MSPATHS_20210712_DICOM_site235_888MS005_bundle001.zip,MSPATHS_20210712_MASK_site235_888MS005_bundle001.zip,Y,3.1136,PASS,Artifact_Flow,Y,0.5516,PASS,None
500003739,326,2021-09-22,15,2022-02-02,MSPATHS_20220202_DICOM_site326_888MS005_bundle001.zip,,N,,,,Y,,PASS,None
100063639,215,2022-02-12,16,2023-01-24,,,Y,-0.2547,PASS,None:None,Y,-1.0485,PASS,None:None
100050672,275,2020-01-13,11,2020-03-02,MSPATHS_20200302_DICOM_site275_888MS005_bundle001.zip,MSPATHS_20200302_MASK_site275_888MS005_bundle001.zip,Y,0.0839,PASS,None,Y,0.0339,PASS,None
500003748,396,2019-11-22,11,2020-03-02,MSPATHS_20200302_DICOM_site396_888MS005_bundle001.zip,MSPATHS_20200302_MASK_site396_888MS005_bundle001.zip,Y,-0.9007,PASS,Intensity_Nonuniform,Y,0.2603,PASS,None
100045958,235,2021-01-16,14,2021-07-12,MSPATHS_20210712_DICOM_site235_888MS005_bundle001.zip,MSPATHS_20210712_MASK_site235_888MS005_bundle001.zip,Y,1.6754,PASS,Artifact_Flow,Y,0.1443,PASS,None
100056985,235,2021-08-07,15,2022-02-02,MSPATHS_20220202_DICOM_site235_888MS005_bundle001.zip,MSPATHS_20220202_MASK_site235_888MS005_bundle001.zip,Y,-1.7825,PASS,Artifact_Flow,Y,-0.6829,PASS,None
100061805,215,2022-05-28,16,2023-01-24,,,Y,0.8435,PASS,None,Y,0.8918,PASS,None
100046425,295,2021-02-26,14,2021-07-12,MSPATHS_20210712_DICOM_site295_888MS005_bundle001.zip,MSPATHS_20210712_MASK_site295_888MS005_bundle001.zip,Y,3.1802,PASS,None,Y,1.5197,PASS,Artifact_Metal
100059620,275,2021-06-11,15,2022-02-02,MSPATHS_20220202_DICOM_site275_888MS005_bundle001.zip,MSPATHS_20220202_MASK_site275_888MS005_bundle001.zip,Y,0.2641,PASS,None,Y,0.3174,PASS,Artifact_Motion
500003808,396,2020-02-17,12,2020-07-13,MSPATHS_20200713_DICOM_site396_888MS005_bundle001.zip,MSPATHS_20200713_MASK_site396_888MS005_bundle001.zip,Y,-0.093,PASS,Intensity_Nonuniform,Y,3.3667,PASS,None
500003721,326,2021-10-20,15,2022-02-02,MSPATHS_20220202_DICOM_site326_888MS005_bundle001.zip,,N,,,,Y,,PASS,None
100042568,275,2018-08-11,8,2019-03-25,MSPATHS_20190325_DICOM_site275_888MS005_bundle001.zip,MSPATHS_20190325_MASK_site275_888MS005_bundle001.zip,Y,2.7008,PASS,Artifact_Flow,Y,2.8857,PASS,None
100038685,295,2019-05-25,9,2019-08-12,MSPATHS_20190812_DICOM_site295_888MS005_bundle001.zip,MSPATHS_20190812_MASK_site295_888MS005_bundle001.zip,Y,2.5034,PASS,None,Y,1.4643,PASS,None
500003710,326,2020-09-09,13,2021-02-23,MSPATHS_20210223_DICOM_site326_888MS005_bundle001.zip,MSPATHS_20210223_MASK_site326_888MS005_bundle001.zip,Y,0.6309,PASS,Artifact_Flow,Y,-1.7029,PASS,None
100059396,275,2022-04-14,16,2023-01-24,,,Y,-0.5517,PASS,Artifact_Metal,Y,0.0499,PASS,Artifact_Metal
500003673,326,2022-03-30,16,2023-01-24,,,N,,,,Y,,PASS,None
100045018,275,2018-09-28,8,2019-03-25,MSPATHS_20190325_DICOM_site275_888MS005_bundle001.zip,MSPATHS_20190325_MASK_site275_888MS005_bundle001.zip,Y,-1.7738,PASS,Artifact_Motion,Y,0.5306,PASS,Artifact_Motion
100042922,275,2019-08-29,10,2019-12-09,MSPATHS_20191209_DICOM_site275_888MS005_bundle001.zip,MSPATHS_20191209_MASK_site275_888MS005_bundle001.zip,Y,-0.1811,PASS,None,Y,-0.6874,PASS,None
100060770,295,2019-09-12,10,2019-12-09,MSPATHS_20191209_DICOM_site295_888MS005_bundle001.zip,MSPATHS_20191209_MASK_site295_888MS005_bundle001.zip,Y,1.6979,PASS,Artifact_Motion,Y,1.544,PASS,None
100027750,275,2020-01-11,11,2020-03-02,MSPATHS_20200302_DICOM_site275_888MS005_bundle001.zip,MSPATHS_20200302_MASK_site275_888MS005_bundle001.zip,Y,1.0523,PASS,None,Y,1.0688,PASS,None
100054489,235,2021-06-19,15,2022-02-02,MSPATHS_20220202_DICOM_site235_888MS005_bundle001.zip,MSPATHS_20220202_MASK_site235_888MS005_bundle001.zip,Y,4.0453,PASS,None,Y,5.1183,PASS,None
100037965,275,2018-05-18,8,2019-03-25,MSPATHS_20190325_DICOM_site275_888MS005_bundle001.zip,MSPATHS_20190325_MASK_site275_888MS005_bundle001.zip,Y,0.0153,PASS,Artifact_Flow,Y,0.2887,PASS,None
100047366,275,2018-11-11,8,2019-03-25,MSPATHS_20190325_DICOM_site275_888MS005_bundle001.zip,MSPATHS_20190325_MASK_site275_888MS005_bundle001.zip,Y,2.6052,PASS,Artifact_Flow,Y,0.7472,PASS,None
100038344,275,2019-05-10,9,2019-08-12,MSPATHS_20190812_DICOM_site275_888MS005_bundle001.zip,,Y,,PASS,Artifact_Flow,Y,,PASS,None
100057209,295,2022-09-26,16,2023-01-24,,,Y,0.8295,PASS,None,Y,1.7961,PASS,None
100062401,295,2019-10-20,10,2019-12-09,MSPATHS_20191209_DICOM_site295_888MS005_bundle001.zip,MSPATHS_20191209_MASK_site295_888MS005_bundle001.zip,Y,0.6291,PASS,Artifact_Flow,Y,0.3884,PASS,None
500003817,396,2020-02-10,12,2020-07-13,MSPATHS_20200713_DICOM_site396_888MS005_bundle001.zip,MSPATHS_20200713_MASK_site396_888MS005_bundle001.zip,Y,-3.0484,PASS,Intensity_Nonuniform,Y,-0.5755,PASS,Artifact_Motion
100047044,275,2021-07-19,15,2022-02-02,MSPATHS_20220202_DICOM_site275_888MS005_bundle001.zip,MSPATHS_20220202_MASK_site275_888MS005_bundle001.zip,Y,1.097,PASS,None,Y,0.4575,PASS,None
500003711,326,2021-09-08,15,2022-02-02,MSPATHS_20220202_DICOM_site326_888MS005_bundle001.zip,,N,,,,Y,,PASS,None
100040677,215,2018-07-20,8,2019-03-25,MSPATHS_20190325_DICOM_site215_888MS005_bundle001.zip,MSPATHS_20190325_MASK_site215_888MS005_bundle001.zip,Y,1.6073,PASS,Artifact_Flow,Y,-1.2729,PASS,SNR_Low
500003671,326,2019-09-11,10,2019-12-09,MSPATHS_20191209_DICOM_site326_888MS005_bundle001.zip,MSPATHS_20191209_MASK_site326_888MS005_bundle001.zip,Y,-0.7841,PASS,Artifact_Flow,Y,-1.7284,PASS,None
500003755,326,2019-11-06,11,2020-03-02,MSPATHS_20200302_DICOM_site326_888MS005_bundle001.zip,MSPATHS_20200302_MASK_site326_888MS005_bundle001.zip,Y,0.4675,PASS,Artifact_Flow,Y,0.4167,PASS,None
100064044,235,2021-02-18,14,2021-07-12,MSPATHS_20210712_DICOM_site235_888MS005_bundle001.zip,,Y,1.2757,PASS,None,Y,0.9399,PASS,None
100050672,275,2021-09-17,16,2023-01-24,,,Y,-2.4503,PASS,None,Y,-3.4988,PASS,Other
100056985,235,2019-06-16,10,2019-12-09,MSPATHS_20191209_DICOM_site235_888MS005_bundle001.zip,MSPATHS_20191209_MASK_site235_888MS005_bundle001.zip,Y,-0.5693,PASS,Artifact_Flow,Y,2.3581,PASS,None
500012785,326,2021-09-08,15,2022-02-02,MSPATHS_20220202_DICOM_site326_888MS005_bundle001.zip,,N,,,,Y,,PASS,None
100040490,295,2019-06-27,9,2019-08-12,MSPATHS_20190812_DICOM_site295_888MS005_bundle001.zip,MSPATHS_20190812_MASK_site295_888MS005_bundle001.zip,Y,0.9296,PASS,Artifact_Flow,Y,0.3139,PASS,None
100056480,235,2020-09-11,13,2021-02-23,MSPATHS_20210223_DICOM_site235_888MS005_bundle001.zip,MSPATHS_20210223_MASK_site235_888MS005_bundle001.zip,Y,0.3577,PASS,Artifact_Motion,Y,-1.1266,PASS,None
500003656,326,2021-09-08,15,2022-02-02,MSPATHS_20220202_DICOM_site326_888MS005_bundle001.zip,,N,,,,Y,,PASS,None
100045259,235,2018-11-15,8,2019-03-25,MSPATHS_20190325_DICOM_site235_888MS005_bundle001.zip,MSPATHS_20190325_MASK_site235_888MS005_bundle001.zip,Y,-5.2242,PASS,Artifact_Motion:Artifact_Flow,Y,-0.2996,PASS,None
100042922,275,2018-08-17,8,2019-03-25,MSPATHS_20190325_DICOM_site275_888MS005_bundle001.zip,MSPATHS_20190325_MASK_site275_888MS005_bundle001.zip,Y,-0.9029,PASS,Artifact_Motion:Artifact_Flow,Y,0.4114,PASS,Artifact_Motion
500003726,326,2019-10-23,11,2020-03-02,MSPATHS_20200302_DICOM_site326_888MS005_bundle001.zip,MSPATHS_20200302_MASK_site326_888MS005_bundle001.zip,Y,-0.5068,PASS,Artifact_Flow,Y,-1.6865,PASS,None
100049348,235,2021-03-12,14,2021-07-12,MSPATHS_20210712_DICOM_site235_888MS005_bundle001.zip,MSPATHS_20210712_MASK_site235_888MS005_bundle001.zip,Y,0.7778,PASS,Artifact_Flow,Y,0.3979,PASS,None
500003652,326,2022-03-09,16,2023-01-24,,,N,,,,Y,,PASS,None
100056653,235,2020-09-06,13,2021-02-23,MSPATHS_20210223_DICOM_site235_888MS005_bundle001.zip,,Y,-0.7429,PASS,None,Y,-1.855,PASS,None
100055504,235,2021-06-03,15,2022-02-02,MSPATHS_20220202_DICOM_site235_888MS005_bundle001.zip,,Y,1.507,PASS,None,Y,2.4166,PASS,None
